channel_id,video_id
UCkvK_5omS-42Ovgah8KRKtg,WyUyJKm-MiY
UCkvK_5omS-42Ovgah8KRKtg,5mUQo6lQG-U
UCkvK_5omS-42Ovgah8KRKtg,QhbR5TEAMco
UCkvK_5omS-42Ovgah8KRKtg,3qYykmHx5gc
UCkvK_5omS-42Ovgah8KRKtg,SxixuClI2vA
UCkvK_5omS-42Ovgah8KRKtg,kgyT9UdBWeE
UCkvK_5omS-42Ovgah8KRKtg,qrkg44RBRD4
UCkvK_5omS-42Ovgah8KRKtg,qSVbKnx7kUc
UCkvK_5omS-42Ovgah8KRKtg,VkTGPqgovWU
UCkvK_5omS-42Ovgah8KRKtg,hoxeIZeX6WI
UCkvK_5omS-42Ovgah8KRKtg,XHn5H9YdFWw
UCkvK_5omS-42Ovgah8KRKtg,w4Ro3SsYT5s
UCkvK_5omS-42Ovgah8KRKtg,ALnw-e5jiMU
UCkvK_5omS-42Ovgah8KRKtg,n-siktLSCFI
UCkvK_5omS-42Ovgah8KRKtg,SntYOlMAVhg
UCkvK_5omS-42Ovgah8KRKtg,tHFXF0w6apU
UCkvK_5omS-42Ovgah8KRKtg,rSlYCMyAiDE
UCkvK_5omS-42Ovgah8KRKtg,Dpjuu_GY92w
UCkvK_5omS-42Ovgah8KRKtg,Fzz6C5rXNTk
UCkvK_5omS-42Ovgah8KRKtg,7kpDA8wgOrU
UCkvK_5omS-42Ovgah8KRKtg,NgGTmCrVcTE
UCkvK_5omS-42Ovgah8KRKtg,9KZoOCwSAlA
UCkvK_5omS-42Ovgah8KRKtg,Alt5PvQGoUo
UCkvK_5omS-42Ovgah8KRKtg,CwMBrNEpYfs
UCkvK_5omS-42Ovgah8KRKtg,oG_J8IMWT84
UCkvK_5omS-42Ovgah8KRKtg,xtKZmojkhtw
UCkvK_5omS-42Ovgah8KRKtg,xe55HVhPrlo
UCkvK_5omS-42Ovgah8KRKtg,PhxmhXlV42U
UCkvK_5omS-42Ovgah8KRKtg,Cy90jt1HnLA
UCkvK_5omS-42Ovgah8KRKtg,h55Osby2Kn0
UCkvK_5omS-42Ovgah8KRKtg,1zwko8D5lRw
UCkvK_5omS-42Ovgah8KRKtg,gnhub9-KLsE
UCkvK_5omS-42Ovgah8KRKtg,l4RMWbfwEU8
UCkvK_5omS-42Ovgah8KRKtg,s9z-5zoJKfk
UCkvK_5omS-42Ovgah8KRKtg,DCrTMKo0Baw
UCkvK_5omS-42Ovgah8KRKtg,_iUJTMLR4GA
UCkvK_5omS-42Ovgah8KRKtg,xCDAptrIuRc
UCkvK_5omS-42Ovgah8KRKtg,e-fOsXTF138
UCkvK_5omS-42Ovgah8KRKtg,-84B9aPPaUY
UCkvK_5omS-42Ovgah8KRKtg,FNOBDEEusmI
UCkvK_5omS-42Ovgah8KRKtg,ss1eJIzjRlE
UCkvK_5omS-42Ovgah8KRKtg,QuderoyWqII
UCkvK_5omS-42Ovgah8KRKtg,Ssp_0j4pr6w
UCkvK_5omS-42Ovgah8KRKtg,ZAxhEUfpSss
UCkvK_5omS-42Ovgah8KRKtg,cmEUEdy4_us
UCkvK_5omS-42Ovgah8KRKtg,EgOjuPXqQAA
UCkvK_5omS-42Ovgah8KRKtg,RfqMkTsUhAY
UCkvK_5omS-42Ovgah8KRKtg,MbtesOrC5t4
UCkvK_5omS-42Ovgah8KRKtg,PHox-7EzWXo
UCkvK_5omS-42Ovgah8KRKtg,zLVMY33rZis
UCkvK_5omS-42Ovgah8KRKtg,cwf2c7ByOas
UC6jgzx2g3nlbaYkd8EMweKA,_vBpo55RwLY
UC6jgzx2g3nlbaYkd8EMweKA,TF4aDG-ZF5g
UC6jgzx2g3nlbaYkd8EMweKA,JFTAN_NA4wk
UC6jgzx2g3nlbaYkd8EMweKA,E8vt2HZFd9g
UC6jgzx2g3nlbaYkd8EMweKA,ilTqfdkgTEQ
UC6jgzx2g3nlbaYkd8EMweKA,2ChGG_FA1Q4
UC6jgzx2g3nlbaYkd8EMweKA,7zuz2LDf2Z8
UC6jgzx2g3nlbaYkd8EMweKA,uK8I0aHxCVY
UC6jgzx2g3nlbaYkd8EMweKA,4AxgEQLFaRg
UC6jgzx2g3nlbaYkd8EMweKA,Ai3ihiY55uA
UC6jgzx2g3nlbaYkd8EMweKA,VG1fAj16R8w
UC6jgzx2g3nlbaYkd8EMweKA,aPsvFqYY1ik
UC6jgzx2g3nlbaYkd8EMweKA,gn0Zjw41rTA
UC6jgzx2g3nlbaYkd8EMweKA,Q7-brN0qCqI
UC6jgzx2g3nlbaYkd8EMweKA,x8QeSZpr0bs
UC6jgzx2g3nlbaYkd8EMweKA,fPFMPnnwBVQ
UC6jgzx2g3nlbaYkd8EMweKA,CnQTN_-mW7U
UC6jgzx2g3nlbaYkd8EMweKA,ZI0KYUNtMSI
UC6jgzx2g3nlbaYkd8EMweKA,cyh_JcPk8ZE
UC6jgzx2g3nlbaYkd8EMweKA,zEXv4itx-VU
UC6jgzx2g3nlbaYkd8EMweKA,rVBc4RNVmVg
UC6jgzx2g3nlbaYkd8EMweKA,54FMEGrh6oY
UC6jgzx2g3nlbaYkd8EMweKA,r6mriz6Ux8w
UC6jgzx2g3nlbaYkd8EMweKA,cyi7azcBDig
UC6jgzx2g3nlbaYkd8EMweKA,7K8f2fr0Uwo
UC6jgzx2g3nlbaYkd8EMweKA,iJ_1HIvSfbk
UC6jgzx2g3nlbaYkd8EMweKA,eZbT3TzcSq8
UC6jgzx2g3nlbaYkd8EMweKA,X8_yNc7QRY0
UC6jgzx2g3nlbaYkd8EMweKA,gwqjH4-xWsU
UC6jgzx2g3nlbaYkd8EMweKA,13lTL6vtGuo
UC6jgzx2g3nlbaYkd8EMweKA,ifwfQTTASbI
UC6jgzx2g3nlbaYkd8EMweKA,_TmToQ-r8Lk
UC6jgzx2g3nlbaYkd8EMweKA,vmk8ABekmVk
UC6jgzx2g3nlbaYkd8EMweKA,9uXBxymz-Do
UC6jgzx2g3nlbaYkd8EMweKA,WDrfQ4fRMg8
UC6jgzx2g3nlbaYkd8EMweKA,OWpnok1TuSs
UC6jgzx2g3nlbaYkd8EMweKA,TCLO6226ZAY
UC6jgzx2g3nlbaYkd8EMweKA,NjS4cqChg_Y
UC6jgzx2g3nlbaYkd8EMweKA,bSC7jeIgV14
UC6jgzx2g3nlbaYkd8EMweKA,U1ElQjMuW-Q
UC6jgzx2g3nlbaYkd8EMweKA,2zMTRWZMJ-w
UC6jgzx2g3nlbaYkd8EMweKA,akuGzIdj0rs
UC6jgzx2g3nlbaYkd8EMweKA,4l2QlMjtIcU
UC6jgzx2g3nlbaYkd8EMweKA,uIlkPwvms5Y
UC6jgzx2g3nlbaYkd8EMweKA,oR9gIJjMyis
UC6jgzx2g3nlbaYkd8EMweKA,OXVm3fhYsEo
UC6jgzx2g3nlbaYkd8EMweKA,GvenTqjCBwE
UC6jgzx2g3nlbaYkd8EMweKA,fV6oZmYG6fA
UC6jgzx2g3nlbaYkd8EMweKA,c6fTe7t3WPU
UC6jgzx2g3nlbaYkd8EMweKA,9G4iSJBf6QQ
UCucot-Zp428OwkyRm2I7v2Q,HL-8L-IvJqk
UCucot-Zp428OwkyRm2I7v2Q,sSC2q1Q-7KM
UCucot-Zp428OwkyRm2I7v2Q,eIC5YOR8gtY
UCucot-Zp428OwkyRm2I7v2Q,hl6eCz5117I
UCucot-Zp428OwkyRm2I7v2Q,gT5Awu8s9W0
UCucot-Zp428OwkyRm2I7v2Q,oWjlp7B8DAA
UCucot-Zp428OwkyRm2I7v2Q,D1Iy5WWD9PY
UCucot-Zp428OwkyRm2I7v2Q,y9k7vV0NSig
UCucot-Zp428OwkyRm2I7v2Q,Hsfp_VsGemc
UCucot-Zp428OwkyRm2I7v2Q,J5wqeUewAXk
UCucot-Zp428OwkyRm2I7v2Q,IYQzyA3TjWs
UCucot-Zp428OwkyRm2I7v2Q,pSc2FH9Crxo
UCucot-Zp428OwkyRm2I7v2Q,GTCV-2z7Pck
UCucot-Zp428OwkyRm2I7v2Q,MUhR-lWJDuk
UCucot-Zp428OwkyRm2I7v2Q,4Sk-9hqf8vY
UCucot-Zp428OwkyRm2I7v2Q,iwL2foWdUMU
UCucot-Zp428OwkyRm2I7v2Q,PVcEPVy3mwo
UCucot-Zp428OwkyRm2I7v2Q,xQ2KdcQCf3M
UCucot-Zp428OwkyRm2I7v2Q,8xLc9fXtFHg
UCucot-Zp428OwkyRm2I7v2Q,YP_YH6cgOA0
UCucot-Zp428OwkyRm2I7v2Q,Y3_LY3zMSNg
UCucot-Zp428OwkyRm2I7v2Q,xpu-nicvYzE
UCucot-Zp428OwkyRm2I7v2Q,-Khu2dXiPf8
UCucot-Zp428OwkyRm2I7v2Q,jwHfMld-2BU
UCucot-Zp428OwkyRm2I7v2Q,F7s1wUfhiLc
UCucot-Zp428OwkyRm2I7v2Q,tqn6fqkEFqA
UCucot-Zp428OwkyRm2I7v2Q,SXNcv3U1oo8
UCucot-Zp428OwkyRm2I7v2Q,N_NWIKya_Qc
UCucot-Zp428OwkyRm2I7v2Q,p-aVhSEO8Ro
UCucot-Zp428OwkyRm2I7v2Q,7RFiUfaccpU
UCucot-Zp428OwkyRm2I7v2Q,D0zE2T49xWw
UCucot-Zp428OwkyRm2I7v2Q,kEaNlH_2POE
UCucot-Zp428OwkyRm2I7v2Q,0hJ4SP61EDo
UCucot-Zp428OwkyRm2I7v2Q,lrzMFW2glIU
UCucot-Zp428OwkyRm2I7v2Q,Sd9MZZcyzhI
UCucot-Zp428OwkyRm2I7v2Q,1BygSG3gQF0
UCucot-Zp428OwkyRm2I7v2Q,F4pkZWQ10y4
UCucot-Zp428OwkyRm2I7v2Q,v3bE-ilqDIA
UCucot-Zp428OwkyRm2I7v2Q,z1jDfxLrVlE
UCucot-Zp428OwkyRm2I7v2Q,OxFaCrFjP0w
UCucot-Zp428OwkyRm2I7v2Q,KpsNlmH9Wm8
UCucot-Zp428OwkyRm2I7v2Q,JFcdAfmzM1s
UCucot-Zp428OwkyRm2I7v2Q,5kI9fsf0S-c
UCucot-Zp428OwkyRm2I7v2Q,re2AtzhcG-o
UCucot-Zp428OwkyRm2I7v2Q,uESf0mhp44M
UCucot-Zp428OwkyRm2I7v2Q,qEGIeAQcscQ
UCucot-Zp428OwkyRm2I7v2Q,v26nVoCWkH8
UCucot-Zp428OwkyRm2I7v2Q,uFvtCUzfyL4
UCucot-Zp428OwkyRm2I7v2Q,uE4cfVDMHSo
UCucot-Zp428OwkyRm2I7v2Q,TgWKutWMT-o
UCbO9bltbkYwa56nZFQx6XJg,-s03lTg5I2c
UCbO9bltbkYwa56nZFQx6XJg,bPrHUdaLT9o
UCbO9bltbkYwa56nZFQx6XJg,e7d01hXhP8U
UCbO9bltbkYwa56nZFQx6XJg,2Ftg4mPXdDU
UCbO9bltbkYwa56nZFQx6XJg,KplpmJKqAAY
UCbO9bltbkYwa56nZFQx6XJg,DFE7Bwu1H4A
UCbO9bltbkYwa56nZFQx6XJg,ZmHpfEzhZvU
UCbO9bltbkYwa56nZFQx6XJg,2ki9-K0rt64
UCbO9bltbkYwa56nZFQx6XJg,R6Vs1RhCDvw
UCbO9bltbkYwa56nZFQx6XJg,VABm97VgY8A
UCbO9bltbkYwa56nZFQx6XJg,S_VJQjo-Os4
UCbO9bltbkYwa56nZFQx6XJg,QmR9t8s2xb0
UCbO9bltbkYwa56nZFQx6XJg,fxzdubfSk1M
UCbO9bltbkYwa56nZFQx6XJg,J80iOuFYuvs
UCbO9bltbkYwa56nZFQx6XJg,aCjQR0RcUG0
UCbO9bltbkYwa56nZFQx6XJg,4a2zX5MsWQM
UCbO9bltbkYwa56nZFQx6XJg,TF7uWhuKdGw
UCbO9bltbkYwa56nZFQx6XJg,-ex0esOzGLg
UCbO9bltbkYwa56nZFQx6XJg,JSyjiZMGGk8
UCbO9bltbkYwa56nZFQx6XJg,iBcv_6Qr74E
UCbO9bltbkYwa56nZFQx6XJg,SLHVG0P2Kbs
UCbO9bltbkYwa56nZFQx6XJg,wlWnnQLnkRM
UCbO9bltbkYwa56nZFQx6XJg,_9iEXFOFd1A
UCbO9bltbkYwa56nZFQx6XJg,ZiJyC-r9G6A
UCbO9bltbkYwa56nZFQx6XJg,KAsv6SwiuPQ
UCbO9bltbkYwa56nZFQx6XJg,rh0CaozgZcM
UCbO9bltbkYwa56nZFQx6XJg,kvjvmtG8C2A
UCbO9bltbkYwa56nZFQx6XJg,9ewuztEqdbE
UCbO9bltbkYwa56nZFQx6XJg,tE-E2l-m2QY
UCbO9bltbkYwa56nZFQx6XJg,nVxmFYCfC4g
UCbO9bltbkYwa56nZFQx6XJg,HVDZHnXl4UY
UCbO9bltbkYwa56nZFQx6XJg,VotGkkhQEeQ
UCbO9bltbkYwa56nZFQx6XJg,2rMDDRzCqB0
UCbO9bltbkYwa56nZFQx6XJg,t-DE7DTLb6c
UCbO9bltbkYwa56nZFQx6XJg,NQKee5YNYDU
UCbO9bltbkYwa56nZFQx6XJg,lDBT3soCIis
UCKMugoa0uHpjUuq14yOpagw,mg8JQSBsym0
UCKMugoa0uHpjUuq14yOpagw,50o43OLdOEI
UCKMugoa0uHpjUuq14yOpagw,Hnzt1Cd4EaU
UCKMugoa0uHpjUuq14yOpagw,OEVRXzXuujs
UCKMugoa0uHpjUuq14yOpagw,T1uYe_w1pGs
UCKMugoa0uHpjUuq14yOpagw,X2p7hZZ9lzY
UCKMugoa0uHpjUuq14yOpagw,hrU0oJxWXsM
UCKMugoa0uHpjUuq14yOpagw,i9NWjMGA6tI
UCKMugoa0uHpjUuq14yOpagw,mXdZjkZK3xY
UCKMugoa0uHpjUuq14yOpagw,E6QIYdkWZRw
UCKMugoa0uHpjUuq14yOpagw,KxjRG8h3xrA
UCKMugoa0uHpjUuq14yOpagw,gIBcfRVQPjw
UCKMugoa0uHpjUuq14yOpagw,S6YdNn2UcGU
UCKMugoa0uHpjUuq14yOpagw,fY6JT6dBwl8
UCKMugoa0uHpjUuq14yOpagw,m33fCqbhpH4
UCKMugoa0uHpjUuq14yOpagw,ZtBhfvP2-YI
UCKMugoa0uHpjUuq14yOpagw,1yRBrcRs1xw
UCKMugoa0uHpjUuq14yOpagw,iBeTZtwUcO0
UCKMugoa0uHpjUuq14yOpagw,mzAkYz4L8cc
UCKMugoa0uHpjUuq14yOpagw,PvKLXOoRkcI
UCKMugoa0uHpjUuq14yOpagw,ZesT7h462uA
UCKMugoa0uHpjUuq14yOpagw,Y1GbQlgJ1SA
UCKMugoa0uHpjUuq14yOpagw,DGvvL6olkU4
UCKMugoa0uHpjUuq14yOpagw,S9nU1CfmY4I
UCKMugoa0uHpjUuq14yOpagw,rapDIHHqVpk
UCKMugoa0uHpjUuq14yOpagw,UauHWZ5rllU
UCKMugoa0uHpjUuq14yOpagw,nE1tFxHo0Ek
UCKMugoa0uHpjUuq14yOpagw,_aCoKb_JPgY
UCKMugoa0uHpjUuq14yOpagw,D8uAnp8bd0Q
UCKMugoa0uHpjUuq14yOpagw,GVKRas1kRwg
UCKMugoa0uHpjUuq14yOpagw,7V348asFvyk
UCKMugoa0uHpjUuq14yOpagw,zs8-rTR-H50
UCKMugoa0uHpjUuq14yOpagw,nsqFJJnPC7g
UCKMugoa0uHpjUuq14yOpagw,uHB85DwU-V0
UCKMugoa0uHpjUuq14yOpagw,MDJW9WPnBnM
UCKMugoa0uHpjUuq14yOpagw,tcv3uS1m0NM
UCKMugoa0uHpjUuq14yOpagw,CF2tEliPlCY
UCKMugoa0uHpjUuq14yOpagw,CadRgMCxn_U
UCKMugoa0uHpjUuq14yOpagw,qyi8xMCyLkc
UCKMugoa0uHpjUuq14yOpagw,yaIqtAemzik
UCKMugoa0uHpjUuq14yOpagw,EVyazHmgvkA
UCKMugoa0uHpjUuq14yOpagw,Q4JtvEewfDw
UCKMugoa0uHpjUuq14yOpagw,4ykyy4Vpei4
UCKMugoa0uHpjUuq14yOpagw,4E_GyHcJMAo
UCKMugoa0uHpjUuq14yOpagw,qEJF_5FBC6s
UCKMugoa0uHpjUuq14yOpagw,BFRfZ0NTk_o
UCKMugoa0uHpjUuq14yOpagw,-j7c7Q_7L60
UCKMugoa0uHpjUuq14yOpagw,E_Y7ehs_7zs
UCKMugoa0uHpjUuq14yOpagw,QwxXs1D_hYU
UCKMugoa0uHpjUuq14yOpagw,r8mRrfr-K6A
UC4qk9TtGhBKCkoWz5qGJcGg,E-x3gzZLBBY
UC4qk9TtGhBKCkoWz5qGJcGg,fRd47YCG5Mk
UC4qk9TtGhBKCkoWz5qGJcGg,D-CL3TdTU3E
UC4qk9TtGhBKCkoWz5qGJcGg,rN4nJ6QFKSI
UC4qk9TtGhBKCkoWz5qGJcGg,g_-k2DNNO8Q
UC4qk9TtGhBKCkoWz5qGJcGg,-xoIWWJpu38
UC4qk9TtGhBKCkoWz5qGJcGg,v-FTt4d8NVg
UC4qk9TtGhBKCkoWz5qGJcGg,H30Xub7IqpA
UC4qk9TtGhBKCkoWz5qGJcGg,P55M4Kmjhi8
UC4qk9TtGhBKCkoWz5qGJcGg,ge91_JNj_9E
UC4qk9TtGhBKCkoWz5qGJcGg,D5QdCI0FMjA
UC4qk9TtGhBKCkoWz5qGJcGg,KAe4K7Rax7Y
UC4qk9TtGhBKCkoWz5qGJcGg,fPboogBn9Kw
UC4qk9TtGhBKCkoWz5qGJcGg,Nob8HpxACDI
UC4qk9TtGhBKCkoWz5qGJcGg,N2yzRBnwbN4
UC4qk9TtGhBKCkoWz5qGJcGg,-kuvLmBlMS4
UC4qk9TtGhBKCkoWz5qGJcGg,dDGrmdf8FvY
UC4qk9TtGhBKCkoWz5qGJcGg,VqxuMl3Qt8Y
UC4qk9TtGhBKCkoWz5qGJcGg,QMPjgI56JgU
UC4qk9TtGhBKCkoWz5qGJcGg,U3Wsv_x2AUY
UC4qk9TtGhBKCkoWz5qGJcGg,cITy9Kp1Bwo
UC4qk9TtGhBKCkoWz5qGJcGg,aW15Cw2UYmo
UC4qk9TtGhBKCkoWz5qGJcGg,uUTiREtvCqc
UC4qk9TtGhBKCkoWz5qGJcGg,fzZnawHitMQ
UC4qk9TtGhBKCkoWz5qGJcGg,EWc-Bde6pK4
UC4qk9TtGhBKCkoWz5qGJcGg,X5UUWs2awww
UC4qk9TtGhBKCkoWz5qGJcGg,01C_1tCjbsw
UC4qk9TtGhBKCkoWz5qGJcGg,EdRICdCCNrI
UC4qk9TtGhBKCkoWz5qGJcGg,8njP7cl15gs
UC4qk9TtGhBKCkoWz5qGJcGg,R3h-TOKolGA
UC4qk9TtGhBKCkoWz5qGJcGg,QcS5ku6VIpo
UC4qk9TtGhBKCkoWz5qGJcGg,nG2xJkFQRAQ
UC4qk9TtGhBKCkoWz5qGJcGg,KQH72sePP1I
UC4qk9TtGhBKCkoWz5qGJcGg,7D12PyLbPyk
UC4qk9TtGhBKCkoWz5qGJcGg,GWC4SEedZkU
UC4qk9TtGhBKCkoWz5qGJcGg,HSABKnKaOI0
UC4qk9TtGhBKCkoWz5qGJcGg,9xXZymInT18
UC4qk9TtGhBKCkoWz5qGJcGg,__dAOWwcmAE
UC8v4vz_n2rys6Yxpj8LuOBA,s4y8WiXRa6I
UC8v4vz_n2rys6Yxpj8LuOBA,Vwj22n52qVs
UC8v4vz_n2rys6Yxpj8LuOBA,eQF8NIbKBCk
UC8v4vz_n2rys6Yxpj8LuOBA,v5dJuC3bs3U
UC8v4vz_n2rys6Yxpj8LuOBA,q6mYncPY4q4
UC8v4vz_n2rys6Yxpj8LuOBA,LIBmhWpWfzM
UC8v4vz_n2rys6Yxpj8LuOBA,R-ManguurLk
UC8v4vz_n2rys6Yxpj8LuOBA,MHMP05QsAMk
UC8v4vz_n2rys6Yxpj8LuOBA,4x1cZzInVPI
UC8v4vz_n2rys6Yxpj8LuOBA,sTEtRrWN0nc
UC8v4vz_n2rys6Yxpj8LuOBA,lydIzHCTvjs
UC8v4vz_n2rys6Yxpj8LuOBA,_wFOFWzcPFI
UC8v4vz_n2rys6Yxpj8LuOBA,k9J-zJaQ78I
UC8v4vz_n2rys6Yxpj8LuOBA,NhUR33Z_vqo
UC8v4vz_n2rys6Yxpj8LuOBA,aTM5z94UNKU
UC8v4vz_n2rys6Yxpj8LuOBA,96Dk9F_By44
UC8v4vz_n2rys6Yxpj8LuOBA,k2MZ5fvt2Gc
UC8v4vz_n2rys6Yxpj8LuOBA,DhWy70Pkje8
UC8v4vz_n2rys6Yxpj8LuOBA,y-8LAvcC_9k
UC8v4vz_n2rys6Yxpj8LuOBA,A3vEk0ma6lw
UC8v4vz_n2rys6Yxpj8LuOBA,yH4MK0jbKK8
UC8v4vz_n2rys6Yxpj8LuOBA,kEuNk4qU5uA
UC8v4vz_n2rys6Yxpj8LuOBA,YA7bny2BRtg
UC8v4vz_n2rys6Yxpj8LuOBA,2POSzlOWbFM
UC8v4vz_n2rys6Yxpj8LuOBA,E7mYAX84K0A
UC8v4vz_n2rys6Yxpj8LuOBA,i-uTsgPxLPE
UC8v4vz_n2rys6Yxpj8LuOBA,ZkF_RspUyY4
UC8v4vz_n2rys6Yxpj8LuOBA,jNWAwnqLBtk
UC8v4vz_n2rys6Yxpj8LuOBA,c_SFBRb1b8Q
UC8v4vz_n2rys6Yxpj8LuOBA,fKJhi83fokM
UC8v4vz_n2rys6Yxpj8LuOBA,CFaX6ydcv4Y
UC8v4vz_n2rys6Yxpj8LuOBA,vDXycAu4ozQ
UC8v4vz_n2rys6Yxpj8LuOBA,43ZqssTRg5U
UC8v4vz_n2rys6Yxpj8LuOBA,55VVO2m2CiY
UC8v4vz_n2rys6Yxpj8LuOBA,5uejksE7l_M
UC8v4vz_n2rys6Yxpj8LuOBA,6chZcirZZEE
UC8v4vz_n2rys6Yxpj8LuOBA,25I6p9SQlf0
UC8v4vz_n2rys6Yxpj8LuOBA,P58XuJyyOwM
UC8v4vz_n2rys6Yxpj8LuOBA,YmOmSc0VEWY
UC8v4vz_n2rys6Yxpj8LuOBA,h7xXI6ZHznI
UC8v4vz_n2rys6Yxpj8LuOBA,V1xJWV0zBKk
UC8v4vz_n2rys6Yxpj8LuOBA,7QmvpqQh-qw
UC8v4vz_n2rys6Yxpj8LuOBA,kb4dVYPk47E
UC8v4vz_n2rys6Yxpj8LuOBA,ncB2KPtnuss
UC8v4vz_n2rys6Yxpj8LuOBA,sUR9TItBwNs
UC8v4vz_n2rys6Yxpj8LuOBA,lNNMRKrmZJY
UC8v4vz_n2rys6Yxpj8LuOBA,L9dTvv0mJuw
UC8v4vz_n2rys6Yxpj8LuOBA,VMsROzgjnm4
UC8v4vz_n2rys6Yxpj8LuOBA,9xvY1lg5anQ
UC8v4vz_n2rys6Yxpj8LuOBA,SCeQ-OlbFd8
UCXTAdFsBmxNK3_c8MUvSviQ,5tQq_KT62pw
UCXTAdFsBmxNK3_c8MUvSviQ,hPBChr44T_Q
UCXTAdFsBmxNK3_c8MUvSviQ,4hNxw3Mlgo0
UCXTAdFsBmxNK3_c8MUvSviQ,mgauld5SRHE
UCXTAdFsBmxNK3_c8MUvSviQ,a0MYFjeDVC4
UCXTAdFsBmxNK3_c8MUvSviQ,t3Xm9y5vWJs
UCXTAdFsBmxNK3_c8MUvSviQ,gj1ty3Ry0WM
UCXTAdFsBmxNK3_c8MUvSviQ,lq7cvMRD7RQ
UCXTAdFsBmxNK3_c8MUvSviQ,7iWfbNr9zXo
UCXTAdFsBmxNK3_c8MUvSviQ,6MwPYjZlVJc
UCXTAdFsBmxNK3_c8MUvSviQ,L1B0W4oqReE
UCXTAdFsBmxNK3_c8MUvSviQ,eGvU26go_uQ
UCXTAdFsBmxNK3_c8MUvSviQ,x2t1RPRIhHs
UCXTAdFsBmxNK3_c8MUvSviQ,BOZP2ni0FcY
UCXTAdFsBmxNK3_c8MUvSviQ,jnci5f8cjfs
UCXTAdFsBmxNK3_c8MUvSviQ,L80B6WkQ8nA
UCXTAdFsBmxNK3_c8MUvSviQ,iSU55umtdEY
UCXTAdFsBmxNK3_c8MUvSviQ,ntHLrLhUp68
UCXTAdFsBmxNK3_c8MUvSviQ,9N_l9-XVYK4
UCXTAdFsBmxNK3_c8MUvSviQ,2kt8H4moI-o
UCXTAdFsBmxNK3_c8MUvSviQ,Zdycz21Ouck
UCXTAdFsBmxNK3_c8MUvSviQ,mK2KVFtb1TQ
UCXTAdFsBmxNK3_c8MUvSviQ,DF7sgiqsiOs
UCXTAdFsBmxNK3_c8MUvSviQ,8O1FIJkaNog
UCXTAdFsBmxNK3_c8MUvSviQ,rzi_mUnYfOM
UCXTAdFsBmxNK3_c8MUvSviQ,hXBYGZkgAso
UCXTAdFsBmxNK3_c8MUvSviQ,ffOWS0ny4VM
UCXTAdFsBmxNK3_c8MUvSviQ,8Z01D_soA5M
UCXTAdFsBmxNK3_c8MUvSviQ,bkjK9KFNI84
UCXTAdFsBmxNK3_c8MUvSviQ,88bdNQqRm0Q
UCXTAdFsBmxNK3_c8MUvSviQ,J2kzGJGfUyU
UCXTAdFsBmxNK3_c8MUvSviQ,a6BT-AQ8Mok
UCXTAdFsBmxNK3_c8MUvSviQ,aJfZUel7Smc
UCXTAdFsBmxNK3_c8MUvSviQ,V4ClH12okAQ
UCXTAdFsBmxNK3_c8MUvSviQ,1WjTwrHClGg
UCXTAdFsBmxNK3_c8MUvSviQ,H51xP5ochZk
UCXTAdFsBmxNK3_c8MUvSviQ,PufD-yj2oVs
UCXTAdFsBmxNK3_c8MUvSviQ,SEqd4u7CoxU
UCXTAdFsBmxNK3_c8MUvSviQ,eJaYRStRv_Q
UCXTAdFsBmxNK3_c8MUvSviQ,7UZEPXiBucQ
UCXTAdFsBmxNK3_c8MUvSviQ,hlS4m0cBFr8
UCXTAdFsBmxNK3_c8MUvSviQ,y3_MaK0tx_4
UCXTAdFsBmxNK3_c8MUvSviQ,7TCwPF3vG-Q
UCXTAdFsBmxNK3_c8MUvSviQ,pi6tvYzteQ0
UCXTAdFsBmxNK3_c8MUvSviQ,atgHIEbvtfE
UCXTAdFsBmxNK3_c8MUvSviQ,ykX_9ucyL-g
UCXTAdFsBmxNK3_c8MUvSviQ,SW4netgocDU
UCXTAdFsBmxNK3_c8MUvSviQ,Lhy80dSQgFk
UCXTAdFsBmxNK3_c8MUvSviQ,ThCsNN2q0UY
UCzJIliq68IHSn-Kwgjeg2AQ,Ic0Yoi0iEqY
UCzJIliq68IHSn-Kwgjeg2AQ,fy84yCtKvsM
UCzJIliq68IHSn-Kwgjeg2AQ,QFToLFfHgFE
UCzJIliq68IHSn-Kwgjeg2AQ,mjovBBsKrXU
UCzJIliq68IHSn-Kwgjeg2AQ,pTxBAXasrQ0
UCzJIliq68IHSn-Kwgjeg2AQ,Re2FhmyXsw0
UCzJIliq68IHSn-Kwgjeg2AQ,Y5f3gS3PjJ4
UCzJIliq68IHSn-Kwgjeg2AQ,LAGaDdwxLek
UCzJIliq68IHSn-Kwgjeg2AQ,jSeBS_5tm8k
UCzJIliq68IHSn-Kwgjeg2AQ,YYvn6IkX3Uk
UCzJIliq68IHSn-Kwgjeg2AQ,NFTneSiFMiU
UCzJIliq68IHSn-Kwgjeg2AQ,JJkSdhm3sPg
UCzJIliq68IHSn-Kwgjeg2AQ,0rqkrGdT8Bk
UCzJIliq68IHSn-Kwgjeg2AQ,YMEKiiZSVuI
UCzJIliq68IHSn-Kwgjeg2AQ,GkyoyluZPSY
UCzJIliq68IHSn-Kwgjeg2AQ,Hu3dF_7i-gE
UCzJIliq68IHSn-Kwgjeg2AQ,Lg4aRMYEhcc
UCzJIliq68IHSn-Kwgjeg2AQ,LBN221TfHR4
UCzJIliq68IHSn-Kwgjeg2AQ,KBqVStRaE_U
UCzJIliq68IHSn-Kwgjeg2AQ,7mG6SDhiR1A
UCzJIliq68IHSn-Kwgjeg2AQ,oW8bjzMBMhc
UCzJIliq68IHSn-Kwgjeg2AQ,HH-mdo6p8SU
UCzJIliq68IHSn-Kwgjeg2AQ,CowLAd61_sQ
UCzJIliq68IHSn-Kwgjeg2AQ,YL9aPJjBXvw
UCzJIliq68IHSn-Kwgjeg2AQ,OLBLvj-uanY
UCzJIliq68IHSn-Kwgjeg2AQ,Py5Fr-Et-I4
UCzJIliq68IHSn-Kwgjeg2AQ,kXzqG55QKtg
UCzJIliq68IHSn-Kwgjeg2AQ,WGBWVRR7X8E
UCzJIliq68IHSn-Kwgjeg2AQ,ppB8JWCyZwo
UCzJIliq68IHSn-Kwgjeg2AQ,VaQgls2SGfE
UCzJIliq68IHSn-Kwgjeg2AQ,TrbemgJVwL8
UCzJIliq68IHSn-Kwgjeg2AQ,B37yVO5DXRI
UCzJIliq68IHSn-Kwgjeg2AQ,49QEfUXrsEA
UCzJIliq68IHSn-Kwgjeg2AQ,c0JvjB_zTLQ
UCzJIliq68IHSn-Kwgjeg2AQ,tmIypQeF_N4
UCzJIliq68IHSn-Kwgjeg2AQ,lOIFYf3sSnw
UCzJIliq68IHSn-Kwgjeg2AQ,mTLdodmyDn4
UCzJIliq68IHSn-Kwgjeg2AQ,TabnUbhkexU
UCzJIliq68IHSn-Kwgjeg2AQ,HTLM_Qgujvw
UCzJIliq68IHSn-Kwgjeg2AQ,9ijqGhmlOLA
UCzJIliq68IHSn-Kwgjeg2AQ,iusd9m4q0AE
UCzJIliq68IHSn-Kwgjeg2AQ,k_26RjEuhSs
UCzJIliq68IHSn-Kwgjeg2AQ,GjtpDEiSNyM
UCzJIliq68IHSn-Kwgjeg2AQ,Akp-RR0pJk4
UCzJIliq68IHSn-Kwgjeg2AQ,frIIX3u_95s
UCzJIliq68IHSn-Kwgjeg2AQ,gWYgNMuhHao
UCzJIliq68IHSn-Kwgjeg2AQ,TqpCke-u95c
UCzJIliq68IHSn-Kwgjeg2AQ,4xk5NsfmnOc
UCzJIliq68IHSn-Kwgjeg2AQ,zCO_S07UTSY
UCzJIliq68IHSn-Kwgjeg2AQ,Pj_n-SeQ0eQ
UCxj0QizmFhx7kVKSArHBCTA,4o_wtihWlnc
UCxj0QizmFhx7kVKSArHBCTA,03Vgs2_SRxk
UCxj0QizmFhx7kVKSArHBCTA,gfKcCkz2T0E
UCxj0QizmFhx7kVKSArHBCTA,BR5TYc6Wb4E
UCxj0QizmFhx7kVKSArHBCTA,Gw873D150ck
UCxj0QizmFhx7kVKSArHBCTA,xBR-5dAbNKs
UCxj0QizmFhx7kVKSArHBCTA,t5RjN6LF4eA
UCxj0QizmFhx7kVKSArHBCTA,dqxwGNCHugI
UCxj0QizmFhx7kVKSArHBCTA,mi3KVs2xHrc
UCxj0QizmFhx7kVKSArHBCTA,ukfGhnJ0lQc
UCxj0QizmFhx7kVKSArHBCTA,G7vF6Ni02OE
UCxj0QizmFhx7kVKSArHBCTA,7adNdp3GNuY
UCxj0QizmFhx7kVKSArHBCTA,Yarv54M89-8
UCxj0QizmFhx7kVKSArHBCTA,bqfGHrQtztY
UCxj0QizmFhx7kVKSArHBCTA,Owc8Mn7uOuk
UCxj0QizmFhx7kVKSArHBCTA,gVMzFJ2w9sM
UCxj0QizmFhx7kVKSArHBCTA,TzCNL1mr0Mk
UCxj0QizmFhx7kVKSArHBCTA,y9Wa1obebnU
UCxj0QizmFhx7kVKSArHBCTA,UHh-ax_bYKs
UCxj0QizmFhx7kVKSArHBCTA,r1Jjqs7YvtA
UCxj0QizmFhx7kVKSArHBCTA,mfWU4kCHNV8
UCxj0QizmFhx7kVKSArHBCTA,gGH5r0Qimjc
UCxj0QizmFhx7kVKSArHBCTA,cTvLG-zHrKA
UCxj0QizmFhx7kVKSArHBCTA,DdGaZ2itlc0
UCxj0QizmFhx7kVKSArHBCTA,iKJgAL8qHEU
UCxj0QizmFhx7kVKSArHBCTA,X1TR6DXKeIE
UCxj0QizmFhx7kVKSArHBCTA,hnqmfb1MeSQ
UCxj0QizmFhx7kVKSArHBCTA,Eyhs6h77Acs
UCxj0QizmFhx7kVKSArHBCTA,Mpp-SXMZoeo
UCxj0QizmFhx7kVKSArHBCTA,hagaKrOgUcc
UCxj0QizmFhx7kVKSArHBCTA,2P4GmvIlN_Y
UCxj0QizmFhx7kVKSArHBCTA,UjWRFYIfnp8
UCxj0QizmFhx7kVKSArHBCTA,fWtwuxv8TCs
UCxj0QizmFhx7kVKSArHBCTA,f9aDKYs7No0
UCxj0QizmFhx7kVKSArHBCTA,75iO7EAw1jM
UCxj0QizmFhx7kVKSArHBCTA,_8Cad0ARXrk
UCxj0QizmFhx7kVKSArHBCTA,mnfVeqaRLDk
UCxj0QizmFhx7kVKSArHBCTA,gkWQ1u92ylI
UCxj0QizmFhx7kVKSArHBCTA,eobXWCV2Tg0
UCxj0QizmFhx7kVKSArHBCTA,g_fJha5v-Ic
UCxj0QizmFhx7kVKSArHBCTA,EGOZBSsBUCs
UCxj0QizmFhx7kVKSArHBCTA,OEaKPhvEC1w
UCxj0QizmFhx7kVKSArHBCTA,_QnWdYwYgM8
UCxj0QizmFhx7kVKSArHBCTA,M6Wr-EWivGo
UCxj0QizmFhx7kVKSArHBCTA,YlolSAoCVDw
UCxj0QizmFhx7kVKSArHBCTA,pNZpyiTVBxk
UCz0Qnv6KczUe3NH1wnpmqhA,ed0wOLMAUjA
UCz0Qnv6KczUe3NH1wnpmqhA,6opLTOeOapM
UCz0Qnv6KczUe3NH1wnpmqhA,q-b-OabYgQI
UCz0Qnv6KczUe3NH1wnpmqhA,JrWvIztmX24
UCz0Qnv6KczUe3NH1wnpmqhA,1hj5I4clRCM
UCz0Qnv6KczUe3NH1wnpmqhA,KlJCBLGeZqs
UCz0Qnv6KczUe3NH1wnpmqhA,i-EN7Zl6fTA
UCz0Qnv6KczUe3NH1wnpmqhA,Tp6I2F6Rg0o
UCz0Qnv6KczUe3NH1wnpmqhA,XLxdj3INwbU
UCz0Qnv6KczUe3NH1wnpmqhA,2pbyxAxyD74
UCz0Qnv6KczUe3NH1wnpmqhA,wc37pMnALVw
UCz0Qnv6KczUe3NH1wnpmqhA,KmGUg8sGGCM
UCz0Qnv6KczUe3NH1wnpmqhA,vYfHIq_CzIg
UCz0Qnv6KczUe3NH1wnpmqhA,H6KzdwwObdA
UCz0Qnv6KczUe3NH1wnpmqhA,vpqx-3dfiP8
UCz0Qnv6KczUe3NH1wnpmqhA,h-TqLkfloec
UCz0Qnv6KczUe3NH1wnpmqhA,0UeymMQoPTk
UCz0Qnv6KczUe3NH1wnpmqhA,LRzKHjhJ4B0
UCz0Qnv6KczUe3NH1wnpmqhA,I5Rdwu4FIfE
UCz0Qnv6KczUe3NH1wnpmqhA,Ex6g3dNHzeY
UCz0Qnv6KczUe3NH1wnpmqhA,r-Kplr4uU-I
UCz0Qnv6KczUe3NH1wnpmqhA,2VjXSumRW1s
UCz0Qnv6KczUe3NH1wnpmqhA,WeEWjLUt2MU
UCz0Qnv6KczUe3NH1wnpmqhA,ITzzN4gAA68
UCz0Qnv6KczUe3NH1wnpmqhA,YnYbXmACDHs
UCz0Qnv6KczUe3NH1wnpmqhA,DSPiW6yY26Q
UCz0Qnv6KczUe3NH1wnpmqhA,0qQ-2jq0auU
UCz0Qnv6KczUe3NH1wnpmqhA,PgVJfLgCqCA
UCz0Qnv6KczUe3NH1wnpmqhA,CTPC2gND4NQ
UCz0Qnv6KczUe3NH1wnpmqhA,zFfLdPVMYjo
UCz0Qnv6KczUe3NH1wnpmqhA,_E5qvVfO0Xg
UCz0Qnv6KczUe3NH1wnpmqhA,KL_kfiMsvcQ
UCz0Qnv6KczUe3NH1wnpmqhA,yMIDG2nYcGU
UCz0Qnv6KczUe3NH1wnpmqhA,MUMoEICzW6w
UCz0Qnv6KczUe3NH1wnpmqhA,CBDbRcHVd6Y
UCz0Qnv6KczUe3NH1wnpmqhA,GrcRYNcPmFg
UCz0Qnv6KczUe3NH1wnpmqhA,VWM9ThxEcuw
UCz0Qnv6KczUe3NH1wnpmqhA,bgieZx0CwAo
UCz0Qnv6KczUe3NH1wnpmqhA,oI-AUpUJRkQ
UCz0Qnv6KczUe3NH1wnpmqhA,zX7VkSjofKA
UCz0Qnv6KczUe3NH1wnpmqhA,DufFnrSg5bU
UCz0Qnv6KczUe3NH1wnpmqhA,pKFrCF9AJBM
UCz0Qnv6KczUe3NH1wnpmqhA,PuQdYRQnGfg
UCz0Qnv6KczUe3NH1wnpmqhA,aC4PRQ-wRAo
UCz0Qnv6KczUe3NH1wnpmqhA,5031-rmWWgs
UCz0Qnv6KczUe3NH1wnpmqhA,h0M6CQIANjY
UCz0Qnv6KczUe3NH1wnpmqhA,ptHmzPB0EHE
UCz0Qnv6KczUe3NH1wnpmqhA,4SWIRJj8dbY
UCz0Qnv6KczUe3NH1wnpmqhA,ePbUu_T15Wo
UCz0Qnv6KczUe3NH1wnpmqhA,y7vNoDIcnN0
UCG9nVSLp4nQlW79sY5ihRrg,brhuSKtg_ZQ
UCG9nVSLp4nQlW79sY5ihRrg,-FrUv2z50jA
UCG9nVSLp4nQlW79sY5ihRrg,aI6W_gml_MQ
UCG9nVSLp4nQlW79sY5ihRrg,TRDpFNJ4O5A
UCG9nVSLp4nQlW79sY5ihRrg,yKyBtY9b7sk
UCG9nVSLp4nQlW79sY5ihRrg,r-FV8mUkaDY
UCG9nVSLp4nQlW79sY5ihRrg,XeFt4sKSqLs
UCG9nVSLp4nQlW79sY5ihRrg,5asDnuNHZ6k
UCG9nVSLp4nQlW79sY5ihRrg,q7QLKWl2WL8
UCG9nVSLp4nQlW79sY5ihRrg,VMlFMIKVvFc
UCG9nVSLp4nQlW79sY5ihRrg,YnMMYsawh64
UCG9nVSLp4nQlW79sY5ihRrg,OZJcnCFr8hY
UCG9nVSLp4nQlW79sY5ihRrg,xCD8iPnaraY
UCG9nVSLp4nQlW79sY5ihRrg,5rXQQtykd40
UCG9nVSLp4nQlW79sY5ihRrg,X9CKxM6SH_g
UCG9nVSLp4nQlW79sY5ihRrg,DirLXYjdA5o
UCG9nVSLp4nQlW79sY5ihRrg,o8ry8XEkkzQ
UCG9nVSLp4nQlW79sY5ihRrg,h3Jpz3pDmf8
UCG9nVSLp4nQlW79sY5ihRrg,j4MkTdGFGsk
UCG9nVSLp4nQlW79sY5ihRrg,xGaf4Tkan30
UCG9nVSLp4nQlW79sY5ihRrg,S7P85ICKx28
UCG9nVSLp4nQlW79sY5ihRrg,3GGTp-kJm44
UCG9nVSLp4nQlW79sY5ihRrg,GaMwgiM9QXc
UCG9nVSLp4nQlW79sY5ihRrg,zsGv-7ZH10o
UCG9nVSLp4nQlW79sY5ihRrg,Fr1Qm4ySIWk
UCG9nVSLp4nQlW79sY5ihRrg,ctH56NTUN3U
UCG9nVSLp4nQlW79sY5ihRrg,JIP6O9k0aMg
UCG9nVSLp4nQlW79sY5ihRrg,c3z3H66oH9o
UCG9nVSLp4nQlW79sY5ihRrg,XqsptoHWrwE
UCG9nVSLp4nQlW79sY5ihRrg,rGHyq-DHVR8
UCG9nVSLp4nQlW79sY5ihRrg,pBiqjbxcnBI
UCG9nVSLp4nQlW79sY5ihRrg,6gUDEWmHvOc
UCG9nVSLp4nQlW79sY5ihRrg,tckr3e3rOUA
UCG9nVSLp4nQlW79sY5ihRrg,Ek79_IiTp3s
UCG9nVSLp4nQlW79sY5ihRrg,ler-dKVgYFU
UCG9nVSLp4nQlW79sY5ihRrg,dmulG3LPaX0
UCG9nVSLp4nQlW79sY5ihRrg,I_NnRuhNdOg
UCG9nVSLp4nQlW79sY5ihRrg,3zGiIc6tkVw
UCG9nVSLp4nQlW79sY5ihRrg,9mB8IyZq0J0
UCG9nVSLp4nQlW79sY5ihRrg,Zj4K9uG7MdY
UCG9nVSLp4nQlW79sY5ihRrg,RbD6iLd9qAU
UCAakD8jDdAya5f59XRfiIuQ,JlO9dccXH48
UCAakD8jDdAya5f59XRfiIuQ,U3O-N20tAFA
UCAakD8jDdAya5f59XRfiIuQ,_l86isXKSwQ
UCAakD8jDdAya5f59XRfiIuQ,dTkPAwf6Vps
UCAakD8jDdAya5f59XRfiIuQ,XNjtDXAxXys
UCAakD8jDdAya5f59XRfiIuQ,sEGDWvoUPIQ
UCAakD8jDdAya5f59XRfiIuQ,2Px3W_8imhM
UCAakD8jDdAya5f59XRfiIuQ,B2j0KIyyQB8
UCAakD8jDdAya5f59XRfiIuQ,rlEE3IjPoG0
UCAakD8jDdAya5f59XRfiIuQ,fZO3dgPTMuI
UCAakD8jDdAya5f59XRfiIuQ,odk8KWn4ggY
UCAakD8jDdAya5f59XRfiIuQ,pk3mdNkfD4I
UCAakD8jDdAya5f59XRfiIuQ,MW2TVB80UD4
UCAakD8jDdAya5f59XRfiIuQ,oCas5KXmrek
UCAakD8jDdAya5f59XRfiIuQ,Y3r4p1_gcvI
UCAakD8jDdAya5f59XRfiIuQ,xMGGZwwMKNg
UCAakD8jDdAya5f59XRfiIuQ,oYYFnF7S_OY
UCAakD8jDdAya5f59XRfiIuQ,G49WQjSjQII
UCAakD8jDdAya5f59XRfiIuQ,jKTS3js9akA
UCAakD8jDdAya5f59XRfiIuQ,qum4-QhZnV0
UCAakD8jDdAya5f59XRfiIuQ,YGF4K5LyDpk
UCAakD8jDdAya5f59XRfiIuQ,4zS8GqkuknA
UCAakD8jDdAya5f59XRfiIuQ,Ua1TAw4p3-o
UCAakD8jDdAya5f59XRfiIuQ,CeclC2bHOKQ
UCAakD8jDdAya5f59XRfiIuQ,DD3YjLCAfoQ
UCAakD8jDdAya5f59XRfiIuQ,7Sh6Yim6Jdo
UCAakD8jDdAya5f59XRfiIuQ,nTwSSXRpnW0
UCAakD8jDdAya5f59XRfiIuQ,hbDAQHnrrl4
UCAakD8jDdAya5f59XRfiIuQ,YNsCo2VyWZE
UCAakD8jDdAya5f59XRfiIuQ,qZqDIOdYlI4
UCDHQbU57NZilrhbuZNbQcRA,i1uaUZBXdwI
UCDHQbU57NZilrhbuZNbQcRA,bHxk_4_B5aU
UCDHQbU57NZilrhbuZNbQcRA,lK5yNfC453w
UCDHQbU57NZilrhbuZNbQcRA,6MhrJI7Aapg
UCDHQbU57NZilrhbuZNbQcRA,CfRHkRLQfow
UCDHQbU57NZilrhbuZNbQcRA,5XJ_qUI-0ls
UCDHQbU57NZilrhbuZNbQcRA,Os3evtjpQnw
UCDHQbU57NZilrhbuZNbQcRA,ZOZPdN0X9sk
UCDHQbU57NZilrhbuZNbQcRA,sA-f7Nq5Kx4
UCDHQbU57NZilrhbuZNbQcRA,87HVMHon3Sk
UCDHQbU57NZilrhbuZNbQcRA,hgu5fpPSrfk
UCDHQbU57NZilrhbuZNbQcRA,FlGNQCl9rSM
UCDHQbU57NZilrhbuZNbQcRA,Ed-aps8oJD0
UCDHQbU57NZilrhbuZNbQcRA,fUats3pqBUo
UCDHQbU57NZilrhbuZNbQcRA,Jnkanho83ck
UCDHQbU57NZilrhbuZNbQcRA,QbIjzhdOI-U
UCDHQbU57NZilrhbuZNbQcRA,zDQvUffk7D8
UCDHQbU57NZilrhbuZNbQcRA,yajy51OhkzY
UCDHQbU57NZilrhbuZNbQcRA,TvMQg4av9CY
UCDHQbU57NZilrhbuZNbQcRA,WFAHDvEpogg
UCDHQbU57NZilrhbuZNbQcRA,e3tP7Bqgbbw
UCDHQbU57NZilrhbuZNbQcRA,uAPhTA8PmTY
UCDHQbU57NZilrhbuZNbQcRA,0LJJydpnpmk
UCDHQbU57NZilrhbuZNbQcRA,DlO88ZFKuyw
UCDHQbU57NZilrhbuZNbQcRA,pFNL1ZIMD9o
UCDHQbU57NZilrhbuZNbQcRA,22hdiJwIDjQ
UCDHQbU57NZilrhbuZNbQcRA,bBHh7PrWER0
UCDHQbU57NZilrhbuZNbQcRA,GlGDwqjZD9w
UCDHQbU57NZilrhbuZNbQcRA,owE5h0dUmJI
UCDHQbU57NZilrhbuZNbQcRA,igf30HHgW-0
UCDHQbU57NZilrhbuZNbQcRA,6e9F1JdfRMI
UCDHQbU57NZilrhbuZNbQcRA,hfR45z_F9J4
UCDHQbU57NZilrhbuZNbQcRA,W_yljcNRkow
UCDHQbU57NZilrhbuZNbQcRA,9k0Jw_PDhV8
UCDHQbU57NZilrhbuZNbQcRA,XxWzvlb8g8I
UCDHQbU57NZilrhbuZNbQcRA,Lxn9uKQuiIw
UCDHQbU57NZilrhbuZNbQcRA,-saVJ7joLMk
UCDHQbU57NZilrhbuZNbQcRA,8s-iXHyG098
UCojExR87u5xNXSkrJ26ORMA,CGkaDJkTayQ
UCojExR87u5xNXSkrJ26ORMA,zE2JLQr15NU
UCojExR87u5xNXSkrJ26ORMA,4JxVCvvFdIY
UCojExR87u5xNXSkrJ26ORMA,pvoyf2EtzqM
UCojExR87u5xNXSkrJ26ORMA,nDTykaD_AbI
UCojExR87u5xNXSkrJ26ORMA,FaoFf9Gghpg
UCojExR87u5xNXSkrJ26ORMA,NK0k9ivlwXo
UCojExR87u5xNXSkrJ26ORMA,VxoUMqFwSGw
UCojExR87u5xNXSkrJ26ORMA,zhg5_z_mBMI
UCojExR87u5xNXSkrJ26ORMA,Sk7FjzarRCQ
UCojExR87u5xNXSkrJ26ORMA,WNcVxl-yxZw
UCojExR87u5xNXSkrJ26ORMA,wEvNV68FjS4
UCojExR87u5xNXSkrJ26ORMA,7isdAYm0v4w
UCojExR87u5xNXSkrJ26ORMA,yQe4UcVI4MQ
UCojExR87u5xNXSkrJ26ORMA,SgZy_mEOVcs
UCojExR87u5xNXSkrJ26ORMA,3TgUhb4gW2Q
UCojExR87u5xNXSkrJ26ORMA,QJy62RVZuuA
UCojExR87u5xNXSkrJ26ORMA,wkDk4CIStbM
UCojExR87u5xNXSkrJ26ORMA,6X110IuCVWk
UCojExR87u5xNXSkrJ26ORMA,LtDY9f8xMoI
UCojExR87u5xNXSkrJ26ORMA,k3cFyy2Tea0
UCojExR87u5xNXSkrJ26ORMA,z9jTCLx9Owo
UCojExR87u5xNXSkrJ26ORMA,0eQgFsUu5EA
UCojExR87u5xNXSkrJ26ORMA,OrRsA213jG0
UCojExR87u5xNXSkrJ26ORMA,xCKAxIkq8to
UCojExR87u5xNXSkrJ26ORMA,670HNfBusbc
UCojExR87u5xNXSkrJ26ORMA,Dcb770yQeOk
UCojExR87u5xNXSkrJ26ORMA,l6zaP-zJhNA
UCojExR87u5xNXSkrJ26ORMA,kPG0YiJj1fo
UCojExR87u5xNXSkrJ26ORMA,K3rJhLxoNXA
UCojExR87u5xNXSkrJ26ORMA,i0ER6ky-7Jo
UCojExR87u5xNXSkrJ26ORMA,8jUTUABIWtc
UCojExR87u5xNXSkrJ26ORMA,TT1WIFPQWlk
UCojExR87u5xNXSkrJ26ORMA,Urptf7-1-X4
UCojExR87u5xNXSkrJ26ORMA,EVdgRdV07oY
UCojExR87u5xNXSkrJ26ORMA,ANNLYsG6gXo
UCojExR87u5xNXSkrJ26ORMA,Oz6DYQ00NVA
UCojExR87u5xNXSkrJ26ORMA,Ym9HV-8zaWY
UCojExR87u5xNXSkrJ26ORMA,kDvS_OcF88s
UCojExR87u5xNXSkrJ26ORMA,pM4uJmCSmIg
UCojExR87u5xNXSkrJ26ORMA,ip7HW5faCdk
UCojExR87u5xNXSkrJ26ORMA,xt2e_80aQEg
UC5zSySQab9SA6Wz569WDgqw,mLlGETnA46U
UC5zSySQab9SA6Wz569WDgqw,I8TkRgeegxE
UC5zSySQab9SA6Wz569WDgqw,TfYpSI1-Stg
UC5zSySQab9SA6Wz569WDgqw,rJxqWSsUOqk
UC5zSySQab9SA6Wz569WDgqw,wEnU6InqBrQ
UC5zSySQab9SA6Wz569WDgqw,V1XOHgVKinc
UC5zSySQab9SA6Wz569WDgqw,hUjKdLHs1FE
UC5zSySQab9SA6Wz569WDgqw,Qn-eWQlvwhM
UC5zSySQab9SA6Wz569WDgqw,efgd-_Nm2E4
UC5zSySQab9SA6Wz569WDgqw,yp5WtdE1t3I
UC5zSySQab9SA6Wz569WDgqw,H6vzYM72jPM
UC5zSySQab9SA6Wz569WDgqw,plJzQ3UI130
UC5zSySQab9SA6Wz569WDgqw,92zQAFOD2fE
UC5zSySQab9SA6Wz569WDgqw,CiZhxZka-Ls
UC5zSySQab9SA6Wz569WDgqw,_RFZJtLKkd8
UC5zSySQab9SA6Wz569WDgqw,HCjM8KYyYUI
UC5zSySQab9SA6Wz569WDgqw,cBddm5hUdF4
UC5zSySQab9SA6Wz569WDgqw,iBxadu6ltpA
UC5zSySQab9SA6Wz569WDgqw,tY2R8I6Bcp8
UC5zSySQab9SA6Wz569WDgqw,PbotiBc7Rxo
UC5zSySQab9SA6Wz569WDgqw,a4D8IRaerpU
UC5zSySQab9SA6Wz569WDgqw,OcXGWM-5AxA
UC5zSySQab9SA6Wz569WDgqw,GYPaIvdiSYo
UC5zSySQab9SA6Wz569WDgqw,USCvmccp8i8
UC5zSySQab9SA6Wz569WDgqw,Ksw12zERfyM
UC5zSySQab9SA6Wz569WDgqw,phM2nowPK4w
UC5zSySQab9SA6Wz569WDgqw,EkzFu8pPHnQ
UC5zSySQab9SA6Wz569WDgqw,ypIbdafZqqw
UC5zSySQab9SA6Wz569WDgqw,NQSXRI8q_q8
UC5zSySQab9SA6Wz569WDgqw,1cDDC7g5KaY
UC5zSySQab9SA6Wz569WDgqw,QQ_csyqvsyg
UC5zSySQab9SA6Wz569WDgqw,Sx3R5X52Il8
UC5zSySQab9SA6Wz569WDgqw,Xu0lt8ER5gw
UC5zSySQab9SA6Wz569WDgqw,XluxJq8aLtg
UC21yq4sq8uxTcfgIxxyE9VQ,Y-Y4G5eGB40
UC21yq4sq8uxTcfgIxxyE9VQ,3iq3nTKbdqQ
UC21yq4sq8uxTcfgIxxyE9VQ,q41_pfHyGuE
UC21yq4sq8uxTcfgIxxyE9VQ,XHuZRvcIKcE
UC21yq4sq8uxTcfgIxxyE9VQ,1RhfXq49zDM
UC21yq4sq8uxTcfgIxxyE9VQ,AQcuc-Uod0U
UC21yq4sq8uxTcfgIxxyE9VQ,59VGepflKJM
UC21yq4sq8uxTcfgIxxyE9VQ,OwZ5NEp90Jg
UC21yq4sq8uxTcfgIxxyE9VQ,8AxH7esRzu8
UC21yq4sq8uxTcfgIxxyE9VQ,5mjJ5gidKac
UC21yq4sq8uxTcfgIxxyE9VQ,GU_zGt9B-Dc
UC21yq4sq8uxTcfgIxxyE9VQ,dMMc5iyx7Bs
UC21yq4sq8uxTcfgIxxyE9VQ,xj6vTz6_Ow0
UC21yq4sq8uxTcfgIxxyE9VQ,o7jHj_L6lv4
UC21yq4sq8uxTcfgIxxyE9VQ,4IY4KD1O0JU
UC21yq4sq8uxTcfgIxxyE9VQ,1cOqvGpEYU8
UC21yq4sq8uxTcfgIxxyE9VQ,61mywezXFao
UC21yq4sq8uxTcfgIxxyE9VQ,pAgUfIXwysU
UC21yq4sq8uxTcfgIxxyE9VQ,CV_o-QkCCxc
UC21yq4sq8uxTcfgIxxyE9VQ,EKWxX9h19e0
UC21yq4sq8uxTcfgIxxyE9VQ,nN1YXrA1Rgg
UC21yq4sq8uxTcfgIxxyE9VQ,tz-CICPQZ_0
UC21yq4sq8uxTcfgIxxyE9VQ,nQQhRKA3Zio
UCC0EqtXQ9at6ON_-ZYJaImA,YE0Uyay_UBE
UCC0EqtXQ9at6ON_-ZYJaImA,7YpxXjlig_o
UCC0EqtXQ9at6ON_-ZYJaImA,IUm6I-w3t6A
UCC0EqtXQ9at6ON_-ZYJaImA,xl3cAczxoh8
UCC0EqtXQ9at6ON_-ZYJaImA,1q_NXDjDvJ0
UCC0EqtXQ9at6ON_-ZYJaImA,Y13SKGa5u20
UCC0EqtXQ9at6ON_-ZYJaImA,D895aU7DJvU
UCC0EqtXQ9at6ON_-ZYJaImA,ReCOijvbPPQ
UCC0EqtXQ9at6ON_-ZYJaImA,IoUIrJDbSxA
UCC0EqtXQ9at6ON_-ZYJaImA,OQqx3Oesg0A
UCC0EqtXQ9at6ON_-ZYJaImA,vlICoumpdrI
UCC0EqtXQ9at6ON_-ZYJaImA,0z6N93LzNFw
UCC0EqtXQ9at6ON_-ZYJaImA,Mz0Q94l3Rlo
UCC0EqtXQ9at6ON_-ZYJaImA,uD9zlxVOCz4
UCC0EqtXQ9at6ON_-ZYJaImA,i2ovjicq9uU
UCC0EqtXQ9at6ON_-ZYJaImA,dWYTdr6PLjA
UCC0EqtXQ9at6ON_-ZYJaImA,uoIPOPuqb0Y
UCC0EqtXQ9at6ON_-ZYJaImA,TbwZ-EKICKE
UCC0EqtXQ9at6ON_-ZYJaImA,-1p8izDY9iQ
UCC0EqtXQ9at6ON_-ZYJaImA,hIRpwnnLNMQ
UCC0EqtXQ9at6ON_-ZYJaImA,xuhWxZqo0Gw
UCC0EqtXQ9at6ON_-ZYJaImA,wUbyYOzAXLg
UCC0EqtXQ9at6ON_-ZYJaImA,6Zh-V7ZJXEo
UCC0EqtXQ9at6ON_-ZYJaImA,bjTftxfgLaU
UCC0EqtXQ9at6ON_-ZYJaImA,aXe7bpq2ddc
UCC0EqtXQ9at6ON_-ZYJaImA,Qq28dxsQ3JA
UCC0EqtXQ9at6ON_-ZYJaImA,Qss8n6bKmoM
UCC0EqtXQ9at6ON_-ZYJaImA,TWHFn_PVgd8
UCC0EqtXQ9at6ON_-ZYJaImA,GQ_sNeLJIs8
UCC0EqtXQ9at6ON_-ZYJaImA,fjwvs4Fkc8s
UCC0EqtXQ9at6ON_-ZYJaImA,4Vja2Vxv0QQ
UCC0EqtXQ9at6ON_-ZYJaImA,RwmC8TnpXs0
UCC0EqtXQ9at6ON_-ZYJaImA,K7lqf-dmhM4
UCC0EqtXQ9at6ON_-ZYJaImA,qF76gfBD2_A
UCC0EqtXQ9at6ON_-ZYJaImA,U4w98bJsHwY
UCC0EqtXQ9at6ON_-ZYJaImA,9VPNyYDsaCo
UCC0EqtXQ9at6ON_-ZYJaImA,0u9mvbAsbcY
UCC0EqtXQ9at6ON_-ZYJaImA,yVQmhs-y66s
UCC0EqtXQ9at6ON_-ZYJaImA,xBFqPD0w22o
UCC0EqtXQ9at6ON_-ZYJaImA,xG0m3SQyPrc
UCC0EqtXQ9at6ON_-ZYJaImA,IEZ_a8IEAwM
UCC0EqtXQ9at6ON_-ZYJaImA,k9xMnJSMKgA
UC3EFKdXAU99j3ppGgvTz7XQ,Nl2qBUJVNeM
UC3EFKdXAU99j3ppGgvTz7XQ,XYYDahkQJ_E
UC3EFKdXAU99j3ppGgvTz7XQ,rcx1ExValUI
UC3EFKdXAU99j3ppGgvTz7XQ,kFCF6oZZrHM
UC3EFKdXAU99j3ppGgvTz7XQ,vF_bMn-Aj2w
UC3EFKdXAU99j3ppGgvTz7XQ,cjKoqcgqwz8
UC3EFKdXAU99j3ppGgvTz7XQ,_chxeu8lXvI
UC3EFKdXAU99j3ppGgvTz7XQ,Lm7Yo4gGYpY
UC3EFKdXAU99j3ppGgvTz7XQ,ouPNHGUNX_I
UC3EFKdXAU99j3ppGgvTz7XQ,v92cvrnEzwM
UC3EFKdXAU99j3ppGgvTz7XQ,sXk2FKp8STw
UC3EFKdXAU99j3ppGgvTz7XQ,REWS3npz8e8
UC3EFKdXAU99j3ppGgvTz7XQ,Wyw1lYSoO0c
UC3EFKdXAU99j3ppGgvTz7XQ,9LSQc4eRKuA
UC3EFKdXAU99j3ppGgvTz7XQ,BkxXH1cl8c4
UC3EFKdXAU99j3ppGgvTz7XQ,elOE7SPf0vY
UC3EFKdXAU99j3ppGgvTz7XQ,qqNvvt79urQ
UC3EFKdXAU99j3ppGgvTz7XQ,8FchtMnGI0U
UC3EFKdXAU99j3ppGgvTz7XQ,5wphhWong3g
UC3EFKdXAU99j3ppGgvTz7XQ,2F8i_PMkUDA
UC3EFKdXAU99j3ppGgvTz7XQ,lA4Oob8Ch4s
UC3EFKdXAU99j3ppGgvTz7XQ,pjzJwhtE7QE
UC3EFKdXAU99j3ppGgvTz7XQ,GzM_QUTseDA
UC3EFKdXAU99j3ppGgvTz7XQ,DMPcSFA0AIM
UC3EFKdXAU99j3ppGgvTz7XQ,7YwoBnkccQs
UC3EFKdXAU99j3ppGgvTz7XQ,lzJTflsUFGQ
UC3EFKdXAU99j3ppGgvTz7XQ,lWUlQyz96Ys
UC3EFKdXAU99j3ppGgvTz7XQ,77uUbCiV4OA
UC3EFKdXAU99j3ppGgvTz7XQ,YJ60tEqrKRg
UC3EFKdXAU99j3ppGgvTz7XQ,r2eUZjxPEA4
UC3EFKdXAU99j3ppGgvTz7XQ,pnGSk6tNGQs
UC3EFKdXAU99j3ppGgvTz7XQ,_vJ19ohg8lw
UC3EFKdXAU99j3ppGgvTz7XQ,2fXr4SUZrG8
UC3EFKdXAU99j3ppGgvTz7XQ,kIyxF_TesVA
UC3EFKdXAU99j3ppGgvTz7XQ,dQWCLw0hbjM
UC3EFKdXAU99j3ppGgvTz7XQ,VdBfPcwzU28
UC3EFKdXAU99j3ppGgvTz7XQ,r8smu96u9TA
UC3EFKdXAU99j3ppGgvTz7XQ,fveyFt2T00o
UC3EFKdXAU99j3ppGgvTz7XQ,WRhvFJ5gfNM
UC3EFKdXAU99j3ppGgvTz7XQ,Ba0uBD6n6R0
UC3EFKdXAU99j3ppGgvTz7XQ,ZulOfvfmTZI
UC3JxYPRHnB5TvaCFuKfcdJQ,Uyc2d5EtUzo
UC3JxYPRHnB5TvaCFuKfcdJQ,og8U6oQBWrU
UC3JxYPRHnB5TvaCFuKfcdJQ,iRKwaTwgGIo
UC3JxYPRHnB5TvaCFuKfcdJQ,zaAHKOpUm4w
UC3JxYPRHnB5TvaCFuKfcdJQ,W9F800-NdPA
UC3JxYPRHnB5TvaCFuKfcdJQ,78sQuhv-yVQ
UC3JxYPRHnB5TvaCFuKfcdJQ,5B25sbf4BHY
UC3JxYPRHnB5TvaCFuKfcdJQ,JP3R-xJ2hAM
UC3JxYPRHnB5TvaCFuKfcdJQ,33BBuQgJui8
UC3JxYPRHnB5TvaCFuKfcdJQ,xU9V5PDiXDA
UC3JxYPRHnB5TvaCFuKfcdJQ,WvF4MkJP-rU
UC3JxYPRHnB5TvaCFuKfcdJQ,f1kmtSnRIgc
UC3JxYPRHnB5TvaCFuKfcdJQ,rB44aCMopfI
UC3JxYPRHnB5TvaCFuKfcdJQ,yfPxlEVqT48
UC3JxYPRHnB5TvaCFuKfcdJQ,wgUhcNiEyxk
UC3JxYPRHnB5TvaCFuKfcdJQ,OpXs1lfCbJ4
UC3JxYPRHnB5TvaCFuKfcdJQ,110tPeayb0I
UC3JxYPRHnB5TvaCFuKfcdJQ,Xds_NAl1WbI
UC3JxYPRHnB5TvaCFuKfcdJQ,nsxOWIjyqd0
UC3JxYPRHnB5TvaCFuKfcdJQ,a3_6-ZYV34o
UC3JxYPRHnB5TvaCFuKfcdJQ,14poBvAF-SA
UC3JxYPRHnB5TvaCFuKfcdJQ,vj3lDEC-2Ls
UC3JxYPRHnB5TvaCFuKfcdJQ,40dXq4LeDD8
UC3JxYPRHnB5TvaCFuKfcdJQ,cYONqOp_KEE
UC3JxYPRHnB5TvaCFuKfcdJQ,NfPNQTl_7Wg
UC3JxYPRHnB5TvaCFuKfcdJQ,mN2-EbT6V6A
UC3JxYPRHnB5TvaCFuKfcdJQ,QL442AklpB0
UC3JxYPRHnB5TvaCFuKfcdJQ,AyLQ4SMvvk8
UC3JxYPRHnB5TvaCFuKfcdJQ,tsHKeKTlx-0
UC3JxYPRHnB5TvaCFuKfcdJQ,dkAIyyiop5Q
UC3JxYPRHnB5TvaCFuKfcdJQ,dGtpEF9Eigo
UC3JxYPRHnB5TvaCFuKfcdJQ,w-MKy41zdpE
UC3JxYPRHnB5TvaCFuKfcdJQ,p0WcwwbIW3g
UC3JxYPRHnB5TvaCFuKfcdJQ,asyaxioLBMw
UC3JxYPRHnB5TvaCFuKfcdJQ,9kbhIwx0itE
UC3JxYPRHnB5TvaCFuKfcdJQ,GV7nbOMy8lk
UC3JxYPRHnB5TvaCFuKfcdJQ,8_MSVBwdwVQ
UC3JxYPRHnB5TvaCFuKfcdJQ,yw5VWxAESWg
UC3JxYPRHnB5TvaCFuKfcdJQ,hG0jj_w8_AU
UC3JxYPRHnB5TvaCFuKfcdJQ,2_YMU4bJ30M
UC3JxYPRHnB5TvaCFuKfcdJQ,29LG7EWxCj0
UCE1BqH-72EBs-siTbDAjOGQ,y_TughhlgYc
UCE1BqH-72EBs-siTbDAjOGQ,MManpVkeUgk
UCE1BqH-72EBs-siTbDAjOGQ,VwhHueMugNU
UCE1BqH-72EBs-siTbDAjOGQ,W62-Ea_Bpic
UCE1BqH-72EBs-siTbDAjOGQ,YNkHLN64y_c
UCE1BqH-72EBs-siTbDAjOGQ,gTPRvWHqVEo
UCE1BqH-72EBs-siTbDAjOGQ,ysQful4ry5E
UCE1BqH-72EBs-siTbDAjOGQ,AbSUfPzaeXU
UCE1BqH-72EBs-siTbDAjOGQ,ld138lXNbEk
UCE1BqH-72EBs-siTbDAjOGQ,jvjlW76teB0
UCE1BqH-72EBs-siTbDAjOGQ,kRESndz9Swk
UCE1BqH-72EBs-siTbDAjOGQ,BdDiHs6qTXY
UCE1BqH-72EBs-siTbDAjOGQ,5WGPS_vNYUs
UCE1BqH-72EBs-siTbDAjOGQ,jAHJYFVzpN4
UCE1BqH-72EBs-siTbDAjOGQ,CjA06Tw5Y_w
UCE1BqH-72EBs-siTbDAjOGQ,7xEYDpj2xaI
UCE1BqH-72EBs-siTbDAjOGQ,bhWuDDp3spI
UCE1BqH-72EBs-siTbDAjOGQ,Ey4RLT_v7g4
UCE1BqH-72EBs-siTbDAjOGQ,zRtsadohzdQ
UCE1BqH-72EBs-siTbDAjOGQ,ZEkIpNPdt2w
UCE1BqH-72EBs-siTbDAjOGQ,x9eyvSa-WJk
UCE1BqH-72EBs-siTbDAjOGQ,SqMVhwJc_EQ
UCE1BqH-72EBs-siTbDAjOGQ,1-i95YpSGUc
UCE1BqH-72EBs-siTbDAjOGQ,Gdqg0i0SK74
UCE1BqH-72EBs-siTbDAjOGQ,sCerV_6F_Zc
UCE1BqH-72EBs-siTbDAjOGQ,ef_EJ9mzMM0
UCE1BqH-72EBs-siTbDAjOGQ,biso0EcGd1g
UCE1BqH-72EBs-siTbDAjOGQ,bEW9TPqygwk
UCE1BqH-72EBs-siTbDAjOGQ,PJFTkuybqRE
UCE1BqH-72EBs-siTbDAjOGQ,wi_gWmMHvHI
UCE1BqH-72EBs-siTbDAjOGQ,cO2g1VQPNcw
UCE1BqH-72EBs-siTbDAjOGQ,73VXfDXn97U
UCE1BqH-72EBs-siTbDAjOGQ,47_DNPRaYr0
UCE1BqH-72EBs-siTbDAjOGQ,wQ3iWRrnivU
UCE1BqH-72EBs-siTbDAjOGQ,p_ISQI0Qigg
UCE1BqH-72EBs-siTbDAjOGQ,sFkBzqfIJCQ
UCE1BqH-72EBs-siTbDAjOGQ,R1ONc8vVCGk
UCE1BqH-72EBs-siTbDAjOGQ,gqR5dnTh43Y
UCE1BqH-72EBs-siTbDAjOGQ,epHiLgBjGg4
UCE1BqH-72EBs-siTbDAjOGQ,nIdmvWuXkuI
UCE1BqH-72EBs-siTbDAjOGQ,WVLvryCRwzI
UCE1BqH-72EBs-siTbDAjOGQ,6_hYvk2tZ9Q
UCE1BqH-72EBs-siTbDAjOGQ,ogNIp1A-158
UCE1BqH-72EBs-siTbDAjOGQ,DNq81P6qZpE
UCE1BqH-72EBs-siTbDAjOGQ,3eB4NHQfErQ
UCE1BqH-72EBs-siTbDAjOGQ,GtxKh_CNHjY
UCE1BqH-72EBs-siTbDAjOGQ,12Cw_266bp8
UCT5yFEDO-zY1D1vrPyglmsg,eX4bhGpS410
UCT5yFEDO-zY1D1vrPyglmsg,bGrqKydQ1qE
UCT5yFEDO-zY1D1vrPyglmsg,43pj8UVbfDs
UCT5yFEDO-zY1D1vrPyglmsg,sJGkUVA4UwE
UCT5yFEDO-zY1D1vrPyglmsg,CLLU8TaK2iI
UCT5yFEDO-zY1D1vrPyglmsg,at7T3ckGK3c
UCT5yFEDO-zY1D1vrPyglmsg,pwrBgPm1At4
UCT5yFEDO-zY1D1vrPyglmsg,J9fDGDf-3ZY
UCT5yFEDO-zY1D1vrPyglmsg,iu9ALLClDzg
UCT5yFEDO-zY1D1vrPyglmsg,k5-lPOeF1RE
UCT5yFEDO-zY1D1vrPyglmsg,KVMr8zOewcg
UCT5yFEDO-zY1D1vrPyglmsg,6CjJwICoXfw
UCT5yFEDO-zY1D1vrPyglmsg,dzANcQVuOSs
UCT5yFEDO-zY1D1vrPyglmsg,J7ENoBBjrb4
UCT5yFEDO-zY1D1vrPyglmsg,DYKMmr-SzWs
UCT5yFEDO-zY1D1vrPyglmsg,F5R6W6_zJIw
UCT5yFEDO-zY1D1vrPyglmsg,yleeJ5x6hSM
UCT5yFEDO-zY1D1vrPyglmsg,1KEwuS9Z820
UCT5yFEDO-zY1D1vrPyglmsg,ykU9oOEuSgc
UCT5yFEDO-zY1D1vrPyglmsg,-pwgSTseTz8
UCT5yFEDO-zY1D1vrPyglmsg,E9Knp4wteF8
UCT5yFEDO-zY1D1vrPyglmsg,zd7nSNDNnmk
UCT5yFEDO-zY1D1vrPyglmsg,_4Tay958qj8
UCT5yFEDO-zY1D1vrPyglmsg,x_6l0Mg7-zs
UCT5yFEDO-zY1D1vrPyglmsg,wkZ2KanC27o
UCT5yFEDO-zY1D1vrPyglmsg,xyZ2hVe_mbU
UCT5yFEDO-zY1D1vrPyglmsg,MJH8JcZvCxM
UCT5yFEDO-zY1D1vrPyglmsg,Lfo1aHtoAZo
UCT5yFEDO-zY1D1vrPyglmsg,KGZf5Diz14I
UCT5yFEDO-zY1D1vrPyglmsg,IiVamomFERQ
UCT5yFEDO-zY1D1vrPyglmsg,nurqRDt7TIU
UCT5yFEDO-zY1D1vrPyglmsg,i5OuIIZuzwo
UCT5yFEDO-zY1D1vrPyglmsg,8h0RgH7IgFo
UCT5yFEDO-zY1D1vrPyglmsg,Ur2Vl4jhh2Q
UCT5yFEDO-zY1D1vrPyglmsg,Lp4HQpuuoHk
UCT5yFEDO-zY1D1vrPyglmsg,OqbjOd0fQOw
UCT5yFEDO-zY1D1vrPyglmsg,YiUuCAiQj-8
UCT5yFEDO-zY1D1vrPyglmsg,zW2HVC2FKVQ
UCT5yFEDO-zY1D1vrPyglmsg,9mai3jeqvW4
UCT5yFEDO-zY1D1vrPyglmsg,zLqBEeGOI9Y
UCT5yFEDO-zY1D1vrPyglmsg,G5CZ-3B2l2U
UCT5yFEDO-zY1D1vrPyglmsg,lGoOUS4umZA
UCT5yFEDO-zY1D1vrPyglmsg,Ife6WK2ii2I
UCT5yFEDO-zY1D1vrPyglmsg,o75WR1HiP8I
UCT5yFEDO-zY1D1vrPyglmsg,Kt-wX8ld8yg
UCT5yFEDO-zY1D1vrPyglmsg,PkjJj-GIFcU
UCT5yFEDO-zY1D1vrPyglmsg,Q03daRpVee4
UCT5yFEDO-zY1D1vrPyglmsg,OjwgRMxnVDg
UCT5yFEDO-zY1D1vrPyglmsg,bzNSjfOgxjc
UCT5yFEDO-zY1D1vrPyglmsg,dgE980XP8BQ
UC0FK_3h0Ec2iBKJ_Ah2su7A,5fErydKT4X0
UC0FK_3h0Ec2iBKJ_Ah2su7A,-oMg14BZg6o
UC0FK_3h0Ec2iBKJ_Ah2su7A,4GkMMlsIur8
UC0FK_3h0Ec2iBKJ_Ah2su7A,0f77Gg8EfPI
UC0FK_3h0Ec2iBKJ_Ah2su7A,VUsQg_kPQfs
UC0FK_3h0Ec2iBKJ_Ah2su7A,OqoKo_grtJo
UC0FK_3h0Ec2iBKJ_Ah2su7A,l9gMz0UBwSQ
UC0FK_3h0Ec2iBKJ_Ah2su7A,PvAGwHuffp0
UC0FK_3h0Ec2iBKJ_Ah2su7A,nZ1xtterYmw
UC0FK_3h0Ec2iBKJ_Ah2su7A,YUdnjseIYfY
UC0FK_3h0Ec2iBKJ_Ah2su7A,yr0xcNnXIwM
UC0FK_3h0Ec2iBKJ_Ah2su7A,e2-as9cagyo
UC0FK_3h0Ec2iBKJ_Ah2su7A,55OK1_7gEWY
UC0FK_3h0Ec2iBKJ_Ah2su7A,8lRjm1PbDMo
UC0FK_3h0Ec2iBKJ_Ah2su7A,YbAAcHV4tmY
UC0FK_3h0Ec2iBKJ_Ah2su7A,Sa63aZ_b7y4
UC0FK_3h0Ec2iBKJ_Ah2su7A,vgJrp61BK1w
UC0FK_3h0Ec2iBKJ_Ah2su7A,LSyLJ73u1zw
UC0FK_3h0Ec2iBKJ_Ah2su7A,GRi6PEkXcns
UC0FK_3h0Ec2iBKJ_Ah2su7A,sqvaUouq-WY
UC0FK_3h0Ec2iBKJ_Ah2su7A,RsyDlbreyL0
UC0FK_3h0Ec2iBKJ_Ah2su7A,2flcdC4x4lI
UC0FK_3h0Ec2iBKJ_Ah2su7A,yesfe8bZX6s
UC0FK_3h0Ec2iBKJ_Ah2su7A,2zKNsKEgUFE
UC0FK_3h0Ec2iBKJ_Ah2su7A,axmeGwnu3U8
UC0FK_3h0Ec2iBKJ_Ah2su7A,KnZIYnFnQfM
UC0FK_3h0Ec2iBKJ_Ah2su7A,rkTv9vgw3XQ
UC0FK_3h0Ec2iBKJ_Ah2su7A,PRfj9SJbx4c
UC0FK_3h0Ec2iBKJ_Ah2su7A,BAsBCDhoNCs
UC0FK_3h0Ec2iBKJ_Ah2su7A,M1KtecRd6AU
UC0FK_3h0Ec2iBKJ_Ah2su7A,02BiWhOxse4
UC0FK_3h0Ec2iBKJ_Ah2su7A,lF5wNizJsH4
UC0FK_3h0Ec2iBKJ_Ah2su7A,TDMlaZj4mus
UC0FK_3h0Ec2iBKJ_Ah2su7A,Teqbvk-kI9Q
UC0FK_3h0Ec2iBKJ_Ah2su7A,2am3KIuKrYw
UC0FK_3h0Ec2iBKJ_Ah2su7A,HK0zO45GHmY
UC0FK_3h0Ec2iBKJ_Ah2su7A,imRbUlBmTW8
UC0FK_3h0Ec2iBKJ_Ah2su7A,tEl4UxgfBuI
UC0FK_3h0Ec2iBKJ_Ah2su7A,IQE5jI1dilI
UC0FK_3h0Ec2iBKJ_Ah2su7A,-wwFs7dhkpg
UC0FK_3h0Ec2iBKJ_Ah2su7A,YllNOc2oy5o
UC0FK_3h0Ec2iBKJ_Ah2su7A,ZqbzJinqamM
UC0FK_3h0Ec2iBKJ_Ah2su7A,y9ywkC1YyCo
UC0FK_3h0Ec2iBKJ_Ah2su7A,OXqFAIKepxk
UC0FK_3h0Ec2iBKJ_Ah2su7A,ZV751lyc55o
UC0FK_3h0Ec2iBKJ_Ah2su7A,t62960AFA54
UC0FK_3h0Ec2iBKJ_Ah2su7A,3R9tS0scehU
UC0FK_3h0Ec2iBKJ_Ah2su7A,1O48B7Dit80
UC0FK_3h0Ec2iBKJ_Ah2su7A,YabwWmLkjOo
UC0FK_3h0Ec2iBKJ_Ah2su7A,s9k_QARRY10
UCmOKlMHHTV4DX3t21j3itPw,puxXSTyYh7s
UCmOKlMHHTV4DX3t21j3itPw,GzpJ8RYlrM4
UCmOKlMHHTV4DX3t21j3itPw,5mT3SYWwK-A
UCmOKlMHHTV4DX3t21j3itPw,q7lRWRXBUds
UCmOKlMHHTV4DX3t21j3itPw,j7VgLCPLonY
UCmOKlMHHTV4DX3t21j3itPw,NclRZXEyBS4
UCmOKlMHHTV4DX3t21j3itPw,h-kXWmXvCPw
UCmOKlMHHTV4DX3t21j3itPw,hc4gooWd7oA
UCmOKlMHHTV4DX3t21j3itPw,HZI9a00ahV4
UCmOKlMHHTV4DX3t21j3itPw,P6YBCIUjq00
UCmOKlMHHTV4DX3t21j3itPw,ioWa9610Wbo
UCmOKlMHHTV4DX3t21j3itPw,n3rnfdLh1gQ
UCmOKlMHHTV4DX3t21j3itPw,qkKBTHkBtb0
UCmOKlMHHTV4DX3t21j3itPw,cfdHbgoatS4
UCmOKlMHHTV4DX3t21j3itPw,HDGiN0eZGwo
UCmOKlMHHTV4DX3t21j3itPw,qnYrSB7bbKA
UCmOKlMHHTV4DX3t21j3itPw,9LnxzmOBMlc
UCmOKlMHHTV4DX3t21j3itPw,SKh7F_FviN0
UCmOKlMHHTV4DX3t21j3itPw,eDcLe-R4Akw
UCmOKlMHHTV4DX3t21j3itPw,5wAXLSviIN8
UCmOKlMHHTV4DX3t21j3itPw,sUMZKsIWjmY
UCmOKlMHHTV4DX3t21j3itPw,TPomov-mzgQ
UCmOKlMHHTV4DX3t21j3itPw,fOS73Q_P284
UCmOKlMHHTV4DX3t21j3itPw,YORrDH1ZDa0
UCmOKlMHHTV4DX3t21j3itPw,eYvX_H_TdvQ
UCmOKlMHHTV4DX3t21j3itPw,IILRnhgWEIY
UCmOKlMHHTV4DX3t21j3itPw,Hk8ho-PMmQ0
UCmOKlMHHTV4DX3t21j3itPw,F3kCDJNf27o
UCmOKlMHHTV4DX3t21j3itPw,nq3K3aL_b7E
UCmOKlMHHTV4DX3t21j3itPw,ePQA0zAdxt8
UCmOKlMHHTV4DX3t21j3itPw,xflb8vX8KFE
UCmOKlMHHTV4DX3t21j3itPw,AQK4D_ExBwc
UCmOKlMHHTV4DX3t21j3itPw,AZ0WL4nq9bg
UCmOKlMHHTV4DX3t21j3itPw,f9RUFYeUav8
UCmOKlMHHTV4DX3t21j3itPw,75AL-XN84cI
UCmOKlMHHTV4DX3t21j3itPw,q5MTQz1ubGc
UCmOKlMHHTV4DX3t21j3itPw,fx_yBYKF3Ck
UCmOKlMHHTV4DX3t21j3itPw,smmeWUo6VAE
UCmOKlMHHTV4DX3t21j3itPw,3_gmgYA8Cg0
UCmOKlMHHTV4DX3t21j3itPw,LAJArLC6v70
UCmOKlMHHTV4DX3t21j3itPw,mY4tVyG7X80
UCmOKlMHHTV4DX3t21j3itPw,GQTTSyW_IOc
UCmOKlMHHTV4DX3t21j3itPw,lrCiBihoJxs
UCmOKlMHHTV4DX3t21j3itPw,HHrYjMF9fRY
UCmOKlMHHTV4DX3t21j3itPw,fJ9_RaEJWyM
UCmOKlMHHTV4DX3t21j3itPw,roKvs0vpgqk
UCmOKlMHHTV4DX3t21j3itPw,YhgtxrD3vHk
UCmOKlMHHTV4DX3t21j3itPw,z1LPMyMW7V0
UCmOKlMHHTV4DX3t21j3itPw,H6pBkjkIdSc
UCecyOxHZpL3yfNFaUz2W_Ow,aZvxseKwmyM
UCecyOxHZpL3yfNFaUz2W_Ow,R1FKRLquWWw
UCecyOxHZpL3yfNFaUz2W_Ow,aqIuof8blv4
UCecyOxHZpL3yfNFaUz2W_Ow,E_klwnOnvpc
UCecyOxHZpL3yfNFaUz2W_Ow,bDKlRogiOSM
UCecyOxHZpL3yfNFaUz2W_Ow,qT3M_IvQ4KA
UCecyOxHZpL3yfNFaUz2W_Ow,VrRmpUs3sko
UCecyOxHZpL3yfNFaUz2W_Ow,Tm7KU6Wk3gA
UCecyOxHZpL3yfNFaUz2W_Ow,2-a6y7Krmf0
UCecyOxHZpL3yfNFaUz2W_Ow,HfhJLpKwY_M
UCecyOxHZpL3yfNFaUz2W_Ow,AdbpzaXYdxg
UCecyOxHZpL3yfNFaUz2W_Ow,tCf4yCFjFhs
UCecyOxHZpL3yfNFaUz2W_Ow,k_L9BsM0mhI
UCecyOxHZpL3yfNFaUz2W_Ow,cjYVvDTB9gk
UCecyOxHZpL3yfNFaUz2W_Ow,YxNENWq3jFc
UCecyOxHZpL3yfNFaUz2W_Ow,-P6oawtnJXY
UCecyOxHZpL3yfNFaUz2W_Ow,9yFK8P68Ito
UCecyOxHZpL3yfNFaUz2W_Ow,RL5dIvAmAnI
UCecyOxHZpL3yfNFaUz2W_Ow,OnGoJexFK0M
UCecyOxHZpL3yfNFaUz2W_Ow,LNIjWncGZhY
UCecyOxHZpL3yfNFaUz2W_Ow,6LTIRghtf6Q
UCecyOxHZpL3yfNFaUz2W_Ow,wu-6Qn3XQvk
UCecyOxHZpL3yfNFaUz2W_Ow,ajJxQZn_CIg
UCecyOxHZpL3yfNFaUz2W_Ow,GUJctBQnPdw
UCecyOxHZpL3yfNFaUz2W_Ow,hg0xNKblIyM
UCecyOxHZpL3yfNFaUz2W_Ow,l2-iGCD5-Tc
UCecyOxHZpL3yfNFaUz2W_Ow,oB1k9fdva9U
UCecyOxHZpL3yfNFaUz2W_Ow,u9PdUYi0ppU
UCecyOxHZpL3yfNFaUz2W_Ow,gKLwgHt1Tf4
UCecyOxHZpL3yfNFaUz2W_Ow,SGzdfzhP7vY
UCecyOxHZpL3yfNFaUz2W_Ow,qoWyGNegzlU
UCecyOxHZpL3yfNFaUz2W_Ow,adbRQt9LVdM
UCecyOxHZpL3yfNFaUz2W_Ow,HaKkoIs0AbI
UCecyOxHZpL3yfNFaUz2W_Ow,w--jaRdQNx8
UCecyOxHZpL3yfNFaUz2W_Ow,crNaYhfvIzo
UCecyOxHZpL3yfNFaUz2W_Ow,9BVPzUwrr80
UCecyOxHZpL3yfNFaUz2W_Ow,TH4sMXDa11U
UCecyOxHZpL3yfNFaUz2W_Ow,N02H82LI7iM
UCecyOxHZpL3yfNFaUz2W_Ow,weVbIVrqtzs
UCecyOxHZpL3yfNFaUz2W_Ow,VRISZfOYB3A
UCecyOxHZpL3yfNFaUz2W_Ow,WlUMoJxq9ZE
UCecyOxHZpL3yfNFaUz2W_Ow,MVpRzkWWwdo
UCecyOxHZpL3yfNFaUz2W_Ow,wXIVOYwUL5A
UCecyOxHZpL3yfNFaUz2W_Ow,GWu4oYkG9DM
UCiM8OI8ySYAoealLy-YRCbg,MO8uIkCvSfk
UCiM8OI8ySYAoealLy-YRCbg,E_xsGhcWgWw
UCiM8OI8ySYAoealLy-YRCbg,ieReMtsyaMU
UCiM8OI8ySYAoealLy-YRCbg,RRkhmjwKf38
UCiM8OI8ySYAoealLy-YRCbg,TAQ1y74FYAA
UCiM8OI8ySYAoealLy-YRCbg,vd_QOOUNbsU
UCiM8OI8ySYAoealLy-YRCbg,EqiJOs-vrBk
UCiM8OI8ySYAoealLy-YRCbg,rw5ngchJCq8
UCiM8OI8ySYAoealLy-YRCbg,LmkrIM8vqaI
UCiM8OI8ySYAoealLy-YRCbg,I0btHaHkHBE
UCiM8OI8ySYAoealLy-YRCbg,_uS85skfQgw
UCiM8OI8ySYAoealLy-YRCbg,GIY29NzoQ9E
UCiM8OI8ySYAoealLy-YRCbg,2IhEjX2UVFE
UCiM8OI8ySYAoealLy-YRCbg,vL0SCvTFT7I
UCiM8OI8ySYAoealLy-YRCbg,Dnbe7m98Kwc
UCiM8OI8ySYAoealLy-YRCbg,83kQy6T0JC8
UCiM8OI8ySYAoealLy-YRCbg,fqcBWIBR-84
UCiM8OI8ySYAoealLy-YRCbg,GPkOM0plR4I
UCiM8OI8ySYAoealLy-YRCbg,Zm8LKDc-C_8
UCiM8OI8ySYAoealLy-YRCbg,o8ROiHTDJvo
UCiM8OI8ySYAoealLy-YRCbg,MHiJGf30Fto
UCiM8OI8ySYAoealLy-YRCbg,sRLmhsz7SYc
UCiM8OI8ySYAoealLy-YRCbg,CpqqkZPmd7o
UCiM8OI8ySYAoealLy-YRCbg,H2QG8z4rYxw
UCiM8OI8ySYAoealLy-YRCbg,DvfSJQRvBFs
UCiM8OI8ySYAoealLy-YRCbg,VnNRQwwuTfM
UCiM8OI8ySYAoealLy-YRCbg,ErIvvaLVTQ4
UCiM8OI8ySYAoealLy-YRCbg,a8VqmKVjcOM
UCiM8OI8ySYAoealLy-YRCbg,N5KCKONVbfc
UCiM8OI8ySYAoealLy-YRCbg,fLWRhA0KzHk
UCiM8OI8ySYAoealLy-YRCbg,hqrAuknFVoc
UCiM8OI8ySYAoealLy-YRCbg,qvhz4x4SkG8
UCiM8OI8ySYAoealLy-YRCbg,RZLvThQ4ZKc
UCiM8OI8ySYAoealLy-YRCbg,c1_RpMBf4CE
UCiM8OI8ySYAoealLy-YRCbg,O9tja54DwQc
UCiM8OI8ySYAoealLy-YRCbg,xWVUhktefns
UCiM8OI8ySYAoealLy-YRCbg,-4fGT7QO9jA
UCiM8OI8ySYAoealLy-YRCbg,g61JV9j4Si4
UCiM8OI8ySYAoealLy-YRCbg,0ei1GwuKGFw
UCiM8OI8ySYAoealLy-YRCbg,atNSeRNw4n8
UCiM8OI8ySYAoealLy-YRCbg,k0Z07yOQylM
UCiM8OI8ySYAoealLy-YRCbg,jdknfJ549zg
UCiM8OI8ySYAoealLy-YRCbg,RLMV0ARgKp0
UCiM8OI8ySYAoealLy-YRCbg,jmUmYj4kD88
UCiM8OI8ySYAoealLy-YRCbg,8yqWjOY4LBY
UCiM8OI8ySYAoealLy-YRCbg,2xFGitPp0fw
UCiM8OI8ySYAoealLy-YRCbg,5G1FFGwhP4g
UCiM8OI8ySYAoealLy-YRCbg,livYhXFZugU
UCiM8OI8ySYAoealLy-YRCbg,0kl49hPaB98
UCiM8OI8ySYAoealLy-YRCbg,DvtM1tR_KFU
UCd4W_zVD74QqP55uAEN9REQ,IapqV7zunS8
UCd4W_zVD74QqP55uAEN9REQ,xOyQ3gtm2bY
UCd4W_zVD74QqP55uAEN9REQ,nir3RAvKC_s
UCd4W_zVD74QqP55uAEN9REQ,vxeUIUIh06s
UCd4W_zVD74QqP55uAEN9REQ,VRBJswYBS9M
UCd4W_zVD74QqP55uAEN9REQ,K7DubzgO740
UCd4W_zVD74QqP55uAEN9REQ,Etsrdcfsw3Y
UCd4W_zVD74QqP55uAEN9REQ,9WpsYbPsVgw
UCd4W_zVD74QqP55uAEN9REQ,2KvwkzEnf-0
UCd4W_zVD74QqP55uAEN9REQ,VedeFc1nGfg
UCd4W_zVD74QqP55uAEN9REQ,B-V3dejDJYk
UCd4W_zVD74QqP55uAEN9REQ,-sxbR7FFRTk
UCd4W_zVD74QqP55uAEN9REQ,RKAZPQPsQsE
UCd4W_zVD74QqP55uAEN9REQ,5b4l9KAITqI
UCd4W_zVD74QqP55uAEN9REQ,bIt7_cCZsGA
UCd4W_zVD74QqP55uAEN9REQ,LwCEP8DYDW0
UCd4W_zVD74QqP55uAEN9REQ,GUQ5NO0e9lI
UCd4W_zVD74QqP55uAEN9REQ,u1v73G2QEW0
UCd4W_zVD74QqP55uAEN9REQ,k4NS19FIwR0
UCd4W_zVD74QqP55uAEN9REQ,DSFrFGMPxR0
UCd4W_zVD74QqP55uAEN9REQ,cm_DDfJ_dr0
UCd4W_zVD74QqP55uAEN9REQ,ni3qK2Wp7QQ
UCd4W_zVD74QqP55uAEN9REQ,edWSBvBa36k
UCd4W_zVD74QqP55uAEN9REQ,N6IaZAApRKo
UCd4W_zVD74QqP55uAEN9REQ,MNPqjWVGnOk
UCd4W_zVD74QqP55uAEN9REQ,_WGKcNYO0Vg
UCd4W_zVD74QqP55uAEN9REQ,lPTHCHnCjJo
UCd4W_zVD74QqP55uAEN9REQ,3Cee_p65Lr4
UCd4W_zVD74QqP55uAEN9REQ,21Uuko72mFw
UCd4W_zVD74QqP55uAEN9REQ,9n_oq6KSufc
UCd4W_zVD74QqP55uAEN9REQ,sqzBCd93Qak
UCd4W_zVD74QqP55uAEN9REQ,bFnH1E2F-DI
UCd4W_zVD74QqP55uAEN9REQ,1P3Zxx5eCUw
UCd4W_zVD74QqP55uAEN9REQ,7L7dDFmTZGs
UCd4W_zVD74QqP55uAEN9REQ,ffrYBcu7p58
UCd4W_zVD74QqP55uAEN9REQ,lLOw-6IvpaA
UCd4W_zVD74QqP55uAEN9REQ,OOF_7SNJEgA
UCd4W_zVD74QqP55uAEN9REQ,EJ4c1UjbXo4
UCd4W_zVD74QqP55uAEN9REQ,pPQDugtdqOc
UCd4W_zVD74QqP55uAEN9REQ,1vOmRtxk2TM
UCd4W_zVD74QqP55uAEN9REQ,GWDhrz4MU-s
UCd4W_zVD74QqP55uAEN9REQ,wTGGc4_orlY
UCd4W_zVD74QqP55uAEN9REQ,NI3mAZ0W0UQ
UCd4W_zVD74QqP55uAEN9REQ,XrQ8LO0ziyM
UCd4W_zVD74QqP55uAEN9REQ,SuzqYiCiByg
UCd4W_zVD74QqP55uAEN9REQ,P6GGiAsjIe0
UCd4W_zVD74QqP55uAEN9REQ,xkJzf4rdaLc
UCd4W_zVD74QqP55uAEN9REQ,gnbNnKt-Zh0
UCd4W_zVD74QqP55uAEN9REQ,agc-P7HLyj8
UCd4W_zVD74QqP55uAEN9REQ,xo70o9bUimc
UCEZtkE45zjun9zROKtcqOcQ,Pu6yWek2VQU
UCEZtkE45zjun9zROKtcqOcQ,8ZHnb63hUyQ
UCEZtkE45zjun9zROKtcqOcQ,hVcRQChsuNE
UCEZtkE45zjun9zROKtcqOcQ,C96-HdCg-20
UCEZtkE45zjun9zROKtcqOcQ,cmrzeGKz3kk
UCEZtkE45zjun9zROKtcqOcQ,6Y979XumOuw
UCEZtkE45zjun9zROKtcqOcQ,cJF49lrPCRk
UCEZtkE45zjun9zROKtcqOcQ,Tq2dpxFQB_g
UCEZtkE45zjun9zROKtcqOcQ,fIT46OYdAN4
UCEZtkE45zjun9zROKtcqOcQ,H7ZNJgFu3aI
UCEZtkE45zjun9zROKtcqOcQ,cMYDJDIE8tM
UCEZtkE45zjun9zROKtcqOcQ,1zrNANjFsUc
UCEZtkE45zjun9zROKtcqOcQ,z1iYV5FEjs0
UCEZtkE45zjun9zROKtcqOcQ,DN9-Sp1ocxQ
UCEZtkE45zjun9zROKtcqOcQ,yFY8jRSMMEA
UCEZtkE45zjun9zROKtcqOcQ,mmRRjEULSsg
UCEZtkE45zjun9zROKtcqOcQ,D5V8EO3Rpco
UCEZtkE45zjun9zROKtcqOcQ,c2j_hVrAXRw
UCEZtkE45zjun9zROKtcqOcQ,YiYuk3e_g0Q
UCEZtkE45zjun9zROKtcqOcQ,kOOwU1kmJFM
UCEZtkE45zjun9zROKtcqOcQ,n4edJZ6Nfi0
UCEZtkE45zjun9zROKtcqOcQ,7J9XW5HG_Yc
UCEZtkE45zjun9zROKtcqOcQ,mC5EmWTzmWo
UCEZtkE45zjun9zROKtcqOcQ,5Uzj-5lw5_o
UCEZtkE45zjun9zROKtcqOcQ,gc4sERXeQjw
UCEZtkE45zjun9zROKtcqOcQ,otTBD14wHu0
UCEZtkE45zjun9zROKtcqOcQ,lnhArzi9u2Q
UCEZtkE45zjun9zROKtcqOcQ,vuStaNfbLsU
UCEZtkE45zjun9zROKtcqOcQ,TSrufDV2Exw
UCEZtkE45zjun9zROKtcqOcQ,KzT766__2zQ
UCEZtkE45zjun9zROKtcqOcQ,DCCDwDQkxPQ
UCEZtkE45zjun9zROKtcqOcQ,fULhgvKK4kQ
UCEZtkE45zjun9zROKtcqOcQ,YrA-zhadMg4
UCEZtkE45zjun9zROKtcqOcQ,gFsFZCSaHFY
UCEZtkE45zjun9zROKtcqOcQ,KR7NBjE2uRM
UCEZtkE45zjun9zROKtcqOcQ,dLT-pwfgP4I
UCEZtkE45zjun9zROKtcqOcQ,yS2DkpI_Jl0
UCEZtkE45zjun9zROKtcqOcQ,h43ufQFxXcQ
UCEZtkE45zjun9zROKtcqOcQ,PmPv7VSQuWQ
UCEZtkE45zjun9zROKtcqOcQ,4BhTAMeVLCc
UCEZtkE45zjun9zROKtcqOcQ,_byZWO2XaFc
UCEZtkE45zjun9zROKtcqOcQ,D0R1fVsv1v4
UCEZtkE45zjun9zROKtcqOcQ,st6K0u70FRM
UCEZtkE45zjun9zROKtcqOcQ,ZIuBmSqgnGY
UCEZtkE45zjun9zROKtcqOcQ,i0wsncUWN2I
UCEZtkE45zjun9zROKtcqOcQ,wRaCGdx2maw
UCEZtkE45zjun9zROKtcqOcQ,32JhZesS880
UCEZtkE45zjun9zROKtcqOcQ,rXVDpojafm8
UCEZtkE45zjun9zROKtcqOcQ,FqBQimX7KWE
UCEZtkE45zjun9zROKtcqOcQ,Zf8VGaE4J8Q
UCKMqrQHftdwuLPkK1nveVfw,_v2XWuPY09M
UCKMqrQHftdwuLPkK1nveVfw,EAZB-VsCe8o
UCKMqrQHftdwuLPkK1nveVfw,U8Qs1mTW-M0
UCKMqrQHftdwuLPkK1nveVfw,nLEQpr_APd4
UCKMqrQHftdwuLPkK1nveVfw,MD6pSAIoBS0
UCKMqrQHftdwuLPkK1nveVfw,FLg_C-Y61zM
UCKMqrQHftdwuLPkK1nveVfw,xS9Mx-emk78
UCKMqrQHftdwuLPkK1nveVfw,QhVOLaRHv94
UCKMqrQHftdwuLPkK1nveVfw,tnMe0KH0Xxw
UCKMqrQHftdwuLPkK1nveVfw,NeaPnshznFs
UCKMqrQHftdwuLPkK1nveVfw,01GeRLODLag
UCKMqrQHftdwuLPkK1nveVfw,N2UBzDknprY
UCKMqrQHftdwuLPkK1nveVfw,J6yX9lFSPGg
UCKMqrQHftdwuLPkK1nveVfw,WzNjfnnmBpQ
UCKMqrQHftdwuLPkK1nveVfw,5wK8_vww8UA
UCKMqrQHftdwuLPkK1nveVfw,YauSz-g_PJs
UCKMqrQHftdwuLPkK1nveVfw,u5uCoTM37Qk
UCKMqrQHftdwuLPkK1nveVfw,WBxYWSboAjU
UCKMqrQHftdwuLPkK1nveVfw,5NAkhgr-qkU
UCKMqrQHftdwuLPkK1nveVfw,eXluu9MgrSI
UCKMqrQHftdwuLPkK1nveVfw,7j8ctZmSj5E
UCKMqrQHftdwuLPkK1nveVfw,CXEVPHXg2Ao
UCKMqrQHftdwuLPkK1nveVfw,ww-hXKS5C4c
UCKMqrQHftdwuLPkK1nveVfw,YFYuFOusWB0
UCKMqrQHftdwuLPkK1nveVfw,FCBVl2mLOfE
UCKMqrQHftdwuLPkK1nveVfw,JWS6ASj4e3c
UCKMqrQHftdwuLPkK1nveVfw,fNRQPu5vRXo
UCKMqrQHftdwuLPkK1nveVfw,DKbv_urN_fc
UCKMqrQHftdwuLPkK1nveVfw,pGhdpuFmYJw
UCKMqrQHftdwuLPkK1nveVfw,XieJlCNTKlo
UCKMqrQHftdwuLPkK1nveVfw,BczzahatqBc
UCKMqrQHftdwuLPkK1nveVfw,6Asi6bYl2T4
UCKMqrQHftdwuLPkK1nveVfw,IO04cL7cZmA
UCKMqrQHftdwuLPkK1nveVfw,bTGwWEFb5UY
UCKMqrQHftdwuLPkK1nveVfw,bpWFOC9cIDc
UCKMqrQHftdwuLPkK1nveVfw,xrk5dU1zvh8
UCxem10oFdCb9XIT3JKMbn8A,oMA_2_9lmRk
UCxem10oFdCb9XIT3JKMbn8A,Uy9tSKMZJKg
UCxem10oFdCb9XIT3JKMbn8A,GHUGHfn5V2k
UCxem10oFdCb9XIT3JKMbn8A,0JS2n6z3Fxk
UCxem10oFdCb9XIT3JKMbn8A,YdMs-wtfiIk
UCxem10oFdCb9XIT3JKMbn8A,8IA9_joi9y8
UCxem10oFdCb9XIT3JKMbn8A,8XphgqSd7pQ
UCxem10oFdCb9XIT3JKMbn8A,7ZE_sBGfIq8
UCxem10oFdCb9XIT3JKMbn8A,i9uJeR6oLo0
UCxem10oFdCb9XIT3JKMbn8A,xa5KOja_elM
UCxem10oFdCb9XIT3JKMbn8A,UfIttSBGhrI
UCxem10oFdCb9XIT3JKMbn8A,e7IY3ozySBA
UCxem10oFdCb9XIT3JKMbn8A,zy4ee_9XSgQ
UCxem10oFdCb9XIT3JKMbn8A,6AAN1NNxMy0
UCxem10oFdCb9XIT3JKMbn8A,SaKjLpVqS-s
UCxem10oFdCb9XIT3JKMbn8A,XhzWA3A0cV4
UCxem10oFdCb9XIT3JKMbn8A,g2uAMl-DK70
UCxem10oFdCb9XIT3JKMbn8A,Ikl0ULToAzo
UCxem10oFdCb9XIT3JKMbn8A,B0uusV5N0Us
UCxem10oFdCb9XIT3JKMbn8A,-93Z9vDbOPA
UCxem10oFdCb9XIT3JKMbn8A,ZK3znHqE0AI
UCxem10oFdCb9XIT3JKMbn8A,H7uOCdE7E50
UCxem10oFdCb9XIT3JKMbn8A,wkSuko-WoXk
UCxem10oFdCb9XIT3JKMbn8A,Hnqgkj-bVyA
UCxem10oFdCb9XIT3JKMbn8A,RT3-pHLRLXI
UCxem10oFdCb9XIT3JKMbn8A,8qtYEEY2MhY
UCxem10oFdCb9XIT3JKMbn8A,sXAKPkdU-oY
UCxem10oFdCb9XIT3JKMbn8A,pR3fsUqhGiE
UCxem10oFdCb9XIT3JKMbn8A,tLUUMKD1nbU
UCxem10oFdCb9XIT3JKMbn8A,eZmYAjn7xBA
UCxem10oFdCb9XIT3JKMbn8A,7lqkJqPwuYg
UCxem10oFdCb9XIT3JKMbn8A,xSMCSp1KNao
UCxem10oFdCb9XIT3JKMbn8A,O_Mr17_ntpc
UCxem10oFdCb9XIT3JKMbn8A,9Q3C5AMqRBw
UCxem10oFdCb9XIT3JKMbn8A,zwxyluCEv9E
UCxem10oFdCb9XIT3JKMbn8A,0Az29LWe_rc
UCxem10oFdCb9XIT3JKMbn8A,qXB4HsYjTGU
UCxem10oFdCb9XIT3JKMbn8A,-IP1bx47Z9k
UCxem10oFdCb9XIT3JKMbn8A,FBfgb3hIM5U
UCxem10oFdCb9XIT3JKMbn8A,92eeyI7yvb4
UCxem10oFdCb9XIT3JKMbn8A,FXtoYCr9sm4
UCxem10oFdCb9XIT3JKMbn8A,aQEh6r24CbU
UCxem10oFdCb9XIT3JKMbn8A,penPMl8X2ds
UCxem10oFdCb9XIT3JKMbn8A,zxDel_vQl0Q
UCxem10oFdCb9XIT3JKMbn8A,ox2E-Gqagi4
UCxem10oFdCb9XIT3JKMbn8A,kjvzn8xfvpY
UCxem10oFdCb9XIT3JKMbn8A,_WRmHsjUXoY
UCxem10oFdCb9XIT3JKMbn8A,lKvBjrVbEvg
UCxem10oFdCb9XIT3JKMbn8A,rXJ5kCUhre0
UCxem10oFdCb9XIT3JKMbn8A,GKT2HL38auU
UCJyfryZQsoN_ttLFe6vYKmw,Gn2WyP7Z3kU
UCJyfryZQsoN_ttLFe6vYKmw,ZE9pe7Fu_Pw
UCJyfryZQsoN_ttLFe6vYKmw,oC94Jij-nXY
UCJyfryZQsoN_ttLFe6vYKmw,8wIhMHl-BiQ
UCJyfryZQsoN_ttLFe6vYKmw,LpSp5e7psbY
UCJyfryZQsoN_ttLFe6vYKmw,tgZdkNYO00A
UCJyfryZQsoN_ttLFe6vYKmw,5IHu0MXg5Do
UCJyfryZQsoN_ttLFe6vYKmw,9iMj2rhYRFc
UCJyfryZQsoN_ttLFe6vYKmw,_atd5K70SCk
UCJyfryZQsoN_ttLFe6vYKmw,wkpT2gPvEvM
UCJyfryZQsoN_ttLFe6vYKmw,WYUqhCnyL4Y
UCJyfryZQsoN_ttLFe6vYKmw,H0sH59Mnt6k
UCJyfryZQsoN_ttLFe6vYKmw,I1fScH7oTG0
UCJyfryZQsoN_ttLFe6vYKmw,437mim-V2Vw
UCJyfryZQsoN_ttLFe6vYKmw,nNmvoScbPeU
UCJyfryZQsoN_ttLFe6vYKmw,m-E5tt0iugk
UCJyfryZQsoN_ttLFe6vYKmw,kY_tRrj88t8
UCJyfryZQsoN_ttLFe6vYKmw,em1KJVGkPto
UCJyfryZQsoN_ttLFe6vYKmw,UjAaEjB61U4
UCJyfryZQsoN_ttLFe6vYKmw,2-2yBKKElDg
UCJyfryZQsoN_ttLFe6vYKmw,t3IS4h8VUg0
UCJyfryZQsoN_ttLFe6vYKmw,MVgec4hJZ_s
UCJyfryZQsoN_ttLFe6vYKmw,Fzn8g-R4VpY
UCJyfryZQsoN_ttLFe6vYKmw,q_yh6ZDZxD4
UCJyfryZQsoN_ttLFe6vYKmw,o8m9S9E4khw
UCJyfryZQsoN_ttLFe6vYKmw,h-Ok2lN68d4
UCJyfryZQsoN_ttLFe6vYKmw,GrjcLBoHlgg
UCJyfryZQsoN_ttLFe6vYKmw,OBaZ4T2DEz0
UCJyfryZQsoN_ttLFe6vYKmw,4QTuWFTkbdQ
UCJyfryZQsoN_ttLFe6vYKmw,vxTaWDAV8g4
UCJyfryZQsoN_ttLFe6vYKmw,E2oWs5IePAQ
UCJyfryZQsoN_ttLFe6vYKmw,zjgZuuE8OVc
UCJyfryZQsoN_ttLFe6vYKmw,Iz7BXMn_YFk
UCJyfryZQsoN_ttLFe6vYKmw,zy-_L7Xwvos
UCJyfryZQsoN_ttLFe6vYKmw,1uRvqEu1TYE
UCJyfryZQsoN_ttLFe6vYKmw,uWKuKHmG8cY
UCJyfryZQsoN_ttLFe6vYKmw,Yz5wBnNoPiQ
UCJyfryZQsoN_ttLFe6vYKmw,8w5C2zpXBDc
UCJyfryZQsoN_ttLFe6vYKmw,D_cSMEWSzA0
UCJyfryZQsoN_ttLFe6vYKmw,ZHpEzR_Scd8
UCJyfryZQsoN_ttLFe6vYKmw,XsAl9Dvv4kA
UCJyfryZQsoN_ttLFe6vYKmw,gdFfy83cXOM
UCJyfryZQsoN_ttLFe6vYKmw,FMVw_Ty8qTY
UCJyfryZQsoN_ttLFe6vYKmw,gu4k25gUR-I
UCJyfryZQsoN_ttLFe6vYKmw,OZz7G4gB3lo
UCJyfryZQsoN_ttLFe6vYKmw,pMhc5GVRCvM
UCJyfryZQsoN_ttLFe6vYKmw,EBYmID0WvpY
UCJyfryZQsoN_ttLFe6vYKmw,UAoBofy6_JM
UCJyfryZQsoN_ttLFe6vYKmw,sX0r6iWIgec
UCtC8m_F7jX2fGOQ3_nomg4g,Kx7n9TCOij4
UCtC8m_F7jX2fGOQ3_nomg4g,ajpf4nS1zZQ
UCtC8m_F7jX2fGOQ3_nomg4g,7WCr3MFLwqo
UCtC8m_F7jX2fGOQ3_nomg4g,HtkhnIshPEI
UCtC8m_F7jX2fGOQ3_nomg4g,GVFf_8uvuyQ
UCtC8m_F7jX2fGOQ3_nomg4g,oIwttmnC4QA
UCtC8m_F7jX2fGOQ3_nomg4g,qVmmKnLoaWY
UCtC8m_F7jX2fGOQ3_nomg4g,KnObc74lC-E
UCtC8m_F7jX2fGOQ3_nomg4g,BHYqr8hQLXM
UCtC8m_F7jX2fGOQ3_nomg4g,snUF8Y3y7cE
UCtC8m_F7jX2fGOQ3_nomg4g,odBvcMynZvQ
UCtC8m_F7jX2fGOQ3_nomg4g,a9R5vPg_kWc
UCtC8m_F7jX2fGOQ3_nomg4g,3xPVpjobMrE
UCtC8m_F7jX2fGOQ3_nomg4g,2d3tGa8PERE
UCtC8m_F7jX2fGOQ3_nomg4g,61k698JW9uI
UCtC8m_F7jX2fGOQ3_nomg4g,Ho3PM5EHYrw
UCtC8m_F7jX2fGOQ3_nomg4g,AK8WJ21AXfM
UCtC8m_F7jX2fGOQ3_nomg4g,9vocrdCE6M8
UCtC8m_F7jX2fGOQ3_nomg4g,qq62MqxSdHo
UCtC8m_F7jX2fGOQ3_nomg4g,JnDHQMF_cHE
UCtC8m_F7jX2fGOQ3_nomg4g,1uWsNPPnzDE
UCtC8m_F7jX2fGOQ3_nomg4g,_DzSaateBHs
UCtC8m_F7jX2fGOQ3_nomg4g,mT9g2p1BMfw
UCtC8m_F7jX2fGOQ3_nomg4g,2O1ZV13oj1s
UCtC8m_F7jX2fGOQ3_nomg4g,QSDGwqPQG9o
UCtC8m_F7jX2fGOQ3_nomg4g,Vn7fGswkaTo
UCtC8m_F7jX2fGOQ3_nomg4g,jyHvJrHaLs4
UCtC8m_F7jX2fGOQ3_nomg4g,UWHVrGFoYjE
UCtC8m_F7jX2fGOQ3_nomg4g,AUkDen2VgUE
UCtC8m_F7jX2fGOQ3_nomg4g,ONwVwxmx_uk
UCtC8m_F7jX2fGOQ3_nomg4g,f2WRn2d1TYE
UCtC8m_F7jX2fGOQ3_nomg4g,rmpWJ4tXv0M
UCtC8m_F7jX2fGOQ3_nomg4g,Bkpobrno2bQ
UCtC8m_F7jX2fGOQ3_nomg4g,R0nS2KT56IA
UCtC8m_F7jX2fGOQ3_nomg4g,-U4_qf97lYY
UCtC8m_F7jX2fGOQ3_nomg4g,7OTLXvjjPCk
UCtC8m_F7jX2fGOQ3_nomg4g,0qw4RyGdDVs
UCtC8m_F7jX2fGOQ3_nomg4g,pSAuFmZuHCg
UCtC8m_F7jX2fGOQ3_nomg4g,eZ-tlYmm5b0
UCvk3DUjHHPNXfo9RztbGDww,7dVr5rk6JoU
UCvk3DUjHHPNXfo9RztbGDww,SD-CJLOZOqc
UCvk3DUjHHPNXfo9RztbGDww,ebCd-3Nhmrk
UCvk3DUjHHPNXfo9RztbGDww,IXRn6U9g-q0
UCvk3DUjHHPNXfo9RztbGDww,zil2YNyxRDk
UCvk3DUjHHPNXfo9RztbGDww,-0VBF7S4iUE
UCvk3DUjHHPNXfo9RztbGDww,XeP1_z6YnO0
UCvk3DUjHHPNXfo9RztbGDww,mEG91Tmzlao
UCvk3DUjHHPNXfo9RztbGDww,ZSGiuZa0jIc
UCvk3DUjHHPNXfo9RztbGDww,nIiJyevnQjk
UCvk3DUjHHPNXfo9RztbGDww,75nCbDfwFRA
UCvk3DUjHHPNXfo9RztbGDww,gVTkS7-lxJg
UCvk3DUjHHPNXfo9RztbGDww,BJbZU3HSAxI
UCvk3DUjHHPNXfo9RztbGDww,3sp8nMFUG40
UCvk3DUjHHPNXfo9RztbGDww,K12rD6VrJcc
UCvk3DUjHHPNXfo9RztbGDww,uBo6imXR0hI
UCvk3DUjHHPNXfo9RztbGDww,OsXIZ5UGYoM
UCvk3DUjHHPNXfo9RztbGDww,XPBOZYFBsY0
UCvk3DUjHHPNXfo9RztbGDww,6eFRFHExL5U
UCvk3DUjHHPNXfo9RztbGDww,F1J5x-MPNZE
UCvk3DUjHHPNXfo9RztbGDww,n_Z55bcYhXs
UCvk3DUjHHPNXfo9RztbGDww,3FGLQdWsV1E
UCvk3DUjHHPNXfo9RztbGDww,ccF6Y80P6Ac
UCvk3DUjHHPNXfo9RztbGDww,iXDN0fVH2tA
UCvk3DUjHHPNXfo9RztbGDww,tObmSHPhD2M
UCvk3DUjHHPNXfo9RztbGDww,3PaacSrPw04
UCvk3DUjHHPNXfo9RztbGDww,G418705WHig
UCvk3DUjHHPNXfo9RztbGDww,dtV5mZhA5b0
UCvk3DUjHHPNXfo9RztbGDww,mt96CaJhNpw
UCvk3DUjHHPNXfo9RztbGDww,3sCTmk6e5sA
UCvk3DUjHHPNXfo9RztbGDww,tFMzSKZVvAI
UCvk3DUjHHPNXfo9RztbGDww,sjWlSq_vsWk
UCvk3DUjHHPNXfo9RztbGDww,dPo3b0gZtbo
UCvk3DUjHHPNXfo9RztbGDww,r1hNbjIxSH8
UCvk3DUjHHPNXfo9RztbGDww,pBL-6_IwY6E
UCvk3DUjHHPNXfo9RztbGDww,lNShxhUQdk4
UCvk3DUjHHPNXfo9RztbGDww,wojP4tuoawE
UCvk3DUjHHPNXfo9RztbGDww,YAAj-xsg-Ng
UCvk3DUjHHPNXfo9RztbGDww,2ipL7wSJkRM
UCvk3DUjHHPNXfo9RztbGDww,zfuQiYXyrZQ
UCvk3DUjHHPNXfo9RztbGDww,Y4mdToINvUg
UCvk3DUjHHPNXfo9RztbGDww,eIEOrwPl83I
UCvk3DUjHHPNXfo9RztbGDww,fjf3Erf3Zow
UCvk3DUjHHPNXfo9RztbGDww,xNuXwMe_N2Q
UCvk3DUjHHPNXfo9RztbGDww,y7Eol_6qvFo
UCvk3DUjHHPNXfo9RztbGDww,NT_fHc4U0-Y
UCvk3DUjHHPNXfo9RztbGDww,9Kl9sC8X2DY
UCvk3DUjHHPNXfo9RztbGDww,cS2rUURGsEo
UCvk3DUjHHPNXfo9RztbGDww,fzBvh0-zDvI
UCvk3DUjHHPNXfo9RztbGDww,dSdegpdCxps
UCaZZh0mI6NoGTlmeI6dbP7Q,L267nHAS-Eg
UCaZZh0mI6NoGTlmeI6dbP7Q,uQecusAD25c
UCaZZh0mI6NoGTlmeI6dbP7Q,Vy68N1D5p2w
UCaZZh0mI6NoGTlmeI6dbP7Q,282VNGzT8uk
UCaZZh0mI6NoGTlmeI6dbP7Q,ToHAKAzNr7A
UCaZZh0mI6NoGTlmeI6dbP7Q,MrdeQwEhrGE
UCaZZh0mI6NoGTlmeI6dbP7Q,b3bULCIuN-Q
UCaZZh0mI6NoGTlmeI6dbP7Q,wnFEMdA1-NQ
UCaZZh0mI6NoGTlmeI6dbP7Q,j6Xyz_PLP14
UCaZZh0mI6NoGTlmeI6dbP7Q,LDkgcypWiAw
UCaZZh0mI6NoGTlmeI6dbP7Q,ghFVd1RGyHM
UCaZZh0mI6NoGTlmeI6dbP7Q,F-oj0moJrTo
UCaZZh0mI6NoGTlmeI6dbP7Q,qDM4xnLbcu0
UCaZZh0mI6NoGTlmeI6dbP7Q,9yTbY9_9ZwE
UCaZZh0mI6NoGTlmeI6dbP7Q,FAOisVZ-z0I
UCaZZh0mI6NoGTlmeI6dbP7Q,uDL2hd9lb9Q
UCaZZh0mI6NoGTlmeI6dbP7Q,yY4wbPKdih8
UCaZZh0mI6NoGTlmeI6dbP7Q,jHqS_8JwaTU
UCaZZh0mI6NoGTlmeI6dbP7Q,Oyclj2N8Sso
UCaZZh0mI6NoGTlmeI6dbP7Q,PTSfdz7VJNg
UCaZZh0mI6NoGTlmeI6dbP7Q,Xr8oy3Q3C28
UCaZZh0mI6NoGTlmeI6dbP7Q,8JEawZkjmJI
UCaZZh0mI6NoGTlmeI6dbP7Q,YRx6LRRqXNc
UCaZZh0mI6NoGTlmeI6dbP7Q,331dknaTi9Q
UCaZZh0mI6NoGTlmeI6dbP7Q,6Hb0EdL7iBI
UCaZZh0mI6NoGTlmeI6dbP7Q,YwmkWf_XYys
UCaZZh0mI6NoGTlmeI6dbP7Q,HuGUWWqlr3k
UCaZZh0mI6NoGTlmeI6dbP7Q,eBNj7JaNVcM
UCaZZh0mI6NoGTlmeI6dbP7Q,rxlQAgobIXk
UCaZZh0mI6NoGTlmeI6dbP7Q,cqMOM9WFQIQ
UCaZZh0mI6NoGTlmeI6dbP7Q,-N-0YssKSV4
UCaZZh0mI6NoGTlmeI6dbP7Q,OeIcItWxXls
UCaZZh0mI6NoGTlmeI6dbP7Q,1Z920dtqjYg
UCaZZh0mI6NoGTlmeI6dbP7Q,-757zZlAmaY
UCaZZh0mI6NoGTlmeI6dbP7Q,5uqKHij3mvY
UCaZZh0mI6NoGTlmeI6dbP7Q,Pj2iheuvzDo
UCaZZh0mI6NoGTlmeI6dbP7Q,bY4FqueIAxM
UCaZZh0mI6NoGTlmeI6dbP7Q,n6dnHpTiwjg
UCaZZh0mI6NoGTlmeI6dbP7Q,jgzNH0C8qh8
UCaZZh0mI6NoGTlmeI6dbP7Q,8oUOapFtklE
UCaZZh0mI6NoGTlmeI6dbP7Q,r8_3PdFzR5Y
UCaZZh0mI6NoGTlmeI6dbP7Q,82f2dyPpqgU
UCaZZh0mI6NoGTlmeI6dbP7Q,4sFGT4UOu5U
UCaZZh0mI6NoGTlmeI6dbP7Q,vcQY1NNBOuY
UCaZZh0mI6NoGTlmeI6dbP7Q,UZd7Nq3pv_U
UCaZZh0mI6NoGTlmeI6dbP7Q,tdPM9bQDJjk
UCaZZh0mI6NoGTlmeI6dbP7Q,CgoW7qaGUeQ
UCaZZh0mI6NoGTlmeI6dbP7Q,JFQ9qLHHPFg
UCaZZh0mI6NoGTlmeI6dbP7Q,dAqQoxofzFE
UCaZZh0mI6NoGTlmeI6dbP7Q,wdwcke4SvCg
UCp1XyVkqPgcRvso3AY_e8iQ,62wafOPLMSI
UCp1XyVkqPgcRvso3AY_e8iQ,URuSmdVyOqY
UCp1XyVkqPgcRvso3AY_e8iQ,Tqng-bgGR9g
UCp1XyVkqPgcRvso3AY_e8iQ,0hCDpAQRRWg
UCp1XyVkqPgcRvso3AY_e8iQ,QI2qfYqodF8
UCp1XyVkqPgcRvso3AY_e8iQ,gzDKHXgVrIM
UCp1XyVkqPgcRvso3AY_e8iQ,MXCCYJ3xvZU
UCp1XyVkqPgcRvso3AY_e8iQ,bbAbJSPi2Fg
UCp1XyVkqPgcRvso3AY_e8iQ,Cl75BYJUcqc
UCp1XyVkqPgcRvso3AY_e8iQ,IeKoMDHWePA
UCp1XyVkqPgcRvso3AY_e8iQ,BtdulodCZhQ
UCp1XyVkqPgcRvso3AY_e8iQ,fEEz6zDfyx8
UCp1XyVkqPgcRvso3AY_e8iQ,Gy7q3Pgo1Pg
UCp1XyVkqPgcRvso3AY_e8iQ,6ErdN0d0rqE
UCp1XyVkqPgcRvso3AY_e8iQ,BodJrY6yWqw
UCp1XyVkqPgcRvso3AY_e8iQ,Y7geyy0xQ0M
UCp1XyVkqPgcRvso3AY_e8iQ,4Vci9SQu0DA
UCp1XyVkqPgcRvso3AY_e8iQ,2-tmPx_w3W8
UCp1XyVkqPgcRvso3AY_e8iQ,4DfRzDzZoGk
UCp1XyVkqPgcRvso3AY_e8iQ,ayhGSywFH-U
UCp1XyVkqPgcRvso3AY_e8iQ,ZQe0KRt2V88
UCp1XyVkqPgcRvso3AY_e8iQ,-reAGNvNpxs
UCp1XyVkqPgcRvso3AY_e8iQ,BHt3I8f0YZM
UCp1XyVkqPgcRvso3AY_e8iQ,FLXvMH_-GHM
UCp1XyVkqPgcRvso3AY_e8iQ,lrV_CH6dENk
UCp1XyVkqPgcRvso3AY_e8iQ,1u2FZi3j0dE
UCp1XyVkqPgcRvso3AY_e8iQ,tWhKrdQzONU
UCp1XyVkqPgcRvso3AY_e8iQ,2ypUnLEjlAk
UCp1XyVkqPgcRvso3AY_e8iQ,qlMGPf4qXTA
UCp1XyVkqPgcRvso3AY_e8iQ,CeWcRk8z0NI
UCp1XyVkqPgcRvso3AY_e8iQ,M9C_uIOv98A
UCp1XyVkqPgcRvso3AY_e8iQ,Ygot49grpCc
UCp1XyVkqPgcRvso3AY_e8iQ,zAULWlIO5YE
UCp1XyVkqPgcRvso3AY_e8iQ,2XDbSra2P8s
UCsqZHVmdjjc2VqC5-C0-jCA,EuQEFgWiG3c
UCsqZHVmdjjc2VqC5-C0-jCA,QUPRiclTJ48
UCsqZHVmdjjc2VqC5-C0-jCA,eu4O1jNcWRM
UCsqZHVmdjjc2VqC5-C0-jCA,tlYZuD2Qo64
UCsqZHVmdjjc2VqC5-C0-jCA,EIOUZg6ysSA
UCsqZHVmdjjc2VqC5-C0-jCA,6Ig26JWVVeQ
UCsqZHVmdjjc2VqC5-C0-jCA,MB1MIX29ksM
UCsqZHVmdjjc2VqC5-C0-jCA,xLyNmETvakE
UCsqZHVmdjjc2VqC5-C0-jCA,ogAg7And5vg
UCsqZHVmdjjc2VqC5-C0-jCA,4yflNEQpkDs
UCsqZHVmdjjc2VqC5-C0-jCA,2-uw_FhPk8o
UCsqZHVmdjjc2VqC5-C0-jCA,AFUvz39bQJc
UCsqZHVmdjjc2VqC5-C0-jCA,fVMSuBbjdck
UCsqZHVmdjjc2VqC5-C0-jCA,Ke2qhNE54lE
UCsqZHVmdjjc2VqC5-C0-jCA,auyi2bOjWUI
UCsqZHVmdjjc2VqC5-C0-jCA,jC-1DRHX8f4
UCsqZHVmdjjc2VqC5-C0-jCA,snzXvMWBMA8
UCsqZHVmdjjc2VqC5-C0-jCA,H_fU9u8DUrU
UCsqZHVmdjjc2VqC5-C0-jCA,NvSEtqIyXLI
UCsqZHVmdjjc2VqC5-C0-jCA,Jo9It5L-3b8
UCsqZHVmdjjc2VqC5-C0-jCA,oJiWI3oESLs
UCsqZHVmdjjc2VqC5-C0-jCA,3xAW98PiLOk
UCsqZHVmdjjc2VqC5-C0-jCA,vK7H2-n99I0
UCsqZHVmdjjc2VqC5-C0-jCA,-BHaFV9j9xk
UCsqZHVmdjjc2VqC5-C0-jCA,s5eYWr-zkjw
UCUpBD3hn1sllKTnxG7KKCww,1YbVCrosP8A
UCUpBD3hn1sllKTnxG7KKCww,SNkapkTl-v8
UCUpBD3hn1sllKTnxG7KKCww,_zyeyvJ0idY
UCUpBD3hn1sllKTnxG7KKCww,X1Qm3rJ4bro
UCUpBD3hn1sllKTnxG7KKCww,jZvxARX3fEk
UCUpBD3hn1sllKTnxG7KKCww,V8r5mficO8w
UCUpBD3hn1sllKTnxG7KKCww,-aYfg14rMCM
UCUpBD3hn1sllKTnxG7KKCww,VWP-8j0i6UY
UCUpBD3hn1sllKTnxG7KKCww,MSxpkkjZaGs
UCUpBD3hn1sllKTnxG7KKCww,hYGsCXOjCHo
UCUpBD3hn1sllKTnxG7KKCww,miWc3capKFc
UCUpBD3hn1sllKTnxG7KKCww,Rf_6v_OuFs0
UCUpBD3hn1sllKTnxG7KKCww,7vhTtOYo7uE
UCUpBD3hn1sllKTnxG7KKCww,B2aNgJ5Ra_E
UCUpBD3hn1sllKTnxG7KKCww,m34UmIhaV_0
UCUpBD3hn1sllKTnxG7KKCww,uXpM2IWU4ng
UCUpBD3hn1sllKTnxG7KKCww,K7phMc4F5dI
UCUpBD3hn1sllKTnxG7KKCww,357zlQe6q3A
UCUpBD3hn1sllKTnxG7KKCww,7i9bH43tg3Y
UCUpBD3hn1sllKTnxG7KKCww,go6xXxw_arY
UCUpBD3hn1sllKTnxG7KKCww,A-ZXP9vN7hg
UCUpBD3hn1sllKTnxG7KKCww,LYHs9j3-bG4
UCUpBD3hn1sllKTnxG7KKCww,qrWkDwpqAEI
UCUpBD3hn1sllKTnxG7KKCww,6OUQi5ymq7o
UCUpBD3hn1sllKTnxG7KKCww,EuqQv-7AJ1o
UCUpBD3hn1sllKTnxG7KKCww,q7sE4Oggho8
UCUpBD3hn1sllKTnxG7KKCww,L0cBoRdCzvY
UCUpBD3hn1sllKTnxG7KKCww,FjcmmjHi9WE
UCUpBD3hn1sllKTnxG7KKCww,3P3Rut3L8UY
UCUpBD3hn1sllKTnxG7KKCww,e9Q-i8N5yk8
UCUpBD3hn1sllKTnxG7KKCww,sRnFaotzFm4
UCUpBD3hn1sllKTnxG7KKCww,1FeCjnF16ko
UCUpBD3hn1sllKTnxG7KKCww,3W8AVe3PmJs
UCUpBD3hn1sllKTnxG7KKCww,iNs-uLfWoKE
UCUpBD3hn1sllKTnxG7KKCww,NheTyAqUCgU
UCUpBD3hn1sllKTnxG7KKCww,8q0On3__JVQ
UCUpBD3hn1sllKTnxG7KKCww,mbDvoa5q3p8
UCUpBD3hn1sllKTnxG7KKCww,_sUKEFkX4XE
UCUpBD3hn1sllKTnxG7KKCww,wFFHOn95Wng
UCUpBD3hn1sllKTnxG7KKCww,EDKpgYh5b7Q
UCUpBD3hn1sllKTnxG7KKCww,fKbBgb41R6k
UCUpBD3hn1sllKTnxG7KKCww,Q8CcUnEvOW4
UCUpBD3hn1sllKTnxG7KKCww,YKT5E08btRI
UCUpBD3hn1sllKTnxG7KKCww,RiYwegwFYCI
UCUpBD3hn1sllKTnxG7KKCww,EHdHFrmwXew
UCUpBD3hn1sllKTnxG7KKCww,bHmyZU3un0I
UCUpBD3hn1sllKTnxG7KKCww,kIJtOkFQgh4
UCUpBD3hn1sllKTnxG7KKCww,y2PlQC5pDSw
UCUpBD3hn1sllKTnxG7KKCww,XfE7MM7Xz7g
UCUpBD3hn1sllKTnxG7KKCww,maPopEiNs5g
UCW6MKQtz-vrqpC7D7qJ3Baw,3oZOcv1Wzcc
UCW6MKQtz-vrqpC7D7qJ3Baw,KwBKAn94TvY
UCW6MKQtz-vrqpC7D7qJ3Baw,fNuDBBN_Wng
UCW6MKQtz-vrqpC7D7qJ3Baw,DmAnaHRwKjU
UCW6MKQtz-vrqpC7D7qJ3Baw,RmaUUmLZzCA
UCW6MKQtz-vrqpC7D7qJ3Baw,s32FB6l4nQA
UCW6MKQtz-vrqpC7D7qJ3Baw,kS3iP6LNM7k
UCW6MKQtz-vrqpC7D7qJ3Baw,EZdE5fd9Hek
UCW6MKQtz-vrqpC7D7qJ3Baw,m-iwC4lfzbQ
UCW6MKQtz-vrqpC7D7qJ3Baw,zej1vEgGrnc
UCW6MKQtz-vrqpC7D7qJ3Baw,Z7b_ChkiPHs
UCW6MKQtz-vrqpC7D7qJ3Baw,QL_eIjvEpX0
UCW6MKQtz-vrqpC7D7qJ3Baw,3kxaRX-qkR8
UCW6MKQtz-vrqpC7D7qJ3Baw,VFZV4YHDLuk
UCW6MKQtz-vrqpC7D7qJ3Baw,VxsaUHDAijQ
UCW6MKQtz-vrqpC7D7qJ3Baw,wR4bYLMXRZg
UCW6MKQtz-vrqpC7D7qJ3Baw,kLgJbOHj6Ho
UCW6MKQtz-vrqpC7D7qJ3Baw,5q8MxUsBbgQ
UCW6MKQtz-vrqpC7D7qJ3Baw,LF4OvXTzHUk
UCW6MKQtz-vrqpC7D7qJ3Baw,CpYN3Wde4Po
UCW6MKQtz-vrqpC7D7qJ3Baw,UEgVXdDgv4s
UCW6MKQtz-vrqpC7D7qJ3Baw,KBtpd-tOdsw
UCW6MKQtz-vrqpC7D7qJ3Baw,GEUE3jAlUEs
UCW6MKQtz-vrqpC7D7qJ3Baw,paDtBcp85TM
UCW6MKQtz-vrqpC7D7qJ3Baw,6xG4gX_FgUA
UCqnOwfiYhtnS0CkQXqIrbrg,umjVTM1Od_w
UCqnOwfiYhtnS0CkQXqIrbrg,bGFxo_Kncv8
UCqnOwfiYhtnS0CkQXqIrbrg,rZtxeDmjttk
UCqnOwfiYhtnS0CkQXqIrbrg,uq56u87RBLI
UCqnOwfiYhtnS0CkQXqIrbrg,pUV5pKHmpRI
UCqnOwfiYhtnS0CkQXqIrbrg,7So6EwCJ7d8
UCqnOwfiYhtnS0CkQXqIrbrg,bOUS8-ZvqUM
UCqnOwfiYhtnS0CkQXqIrbrg,rLuVcx7IQrc
UCqnOwfiYhtnS0CkQXqIrbrg,teAaRCyeH60
UCqnOwfiYhtnS0CkQXqIrbrg,JYfk-_uyoSs
UCqnOwfiYhtnS0CkQXqIrbrg,S5ecfGogqQE
UCqnOwfiYhtnS0CkQXqIrbrg,haCKeYRLqvM
UCqnOwfiYhtnS0CkQXqIrbrg,sZUmZmiJsaY
UCqnOwfiYhtnS0CkQXqIrbrg,O_0FRLcFP5E
UCqnOwfiYhtnS0CkQXqIrbrg,GLwI1OkMWMI
UCqnOwfiYhtnS0CkQXqIrbrg,9j0vmSrOzu8
UCqnOwfiYhtnS0CkQXqIrbrg,QRGO7L-jHd8
UCqnOwfiYhtnS0CkQXqIrbrg,SqggoyxVgK0
UCqnOwfiYhtnS0CkQXqIrbrg,5Rj6VGzUD_s
UCqnOwfiYhtnS0CkQXqIrbrg,M6YUN5u7Spo
UCqnOwfiYhtnS0CkQXqIrbrg,h8tZP8qtArE
UCqnOwfiYhtnS0CkQXqIrbrg,Xy0d1OAcLck
UCqnOwfiYhtnS0CkQXqIrbrg,4iaaD_Dxq6U
UCqnOwfiYhtnS0CkQXqIrbrg,tKWxtUh3xD4
UCqnOwfiYhtnS0CkQXqIrbrg,nTI_V7631kg
UCqnOwfiYhtnS0CkQXqIrbrg,gui-kyDRId8
UCqnOwfiYhtnS0CkQXqIrbrg,EXEb_D5AOt4
UCqnOwfiYhtnS0CkQXqIrbrg,wlKWNKuKFwI
UCqnOwfiYhtnS0CkQXqIrbrg,sLfhUro3DbQ
UCqnOwfiYhtnS0CkQXqIrbrg,z0TeUegXgrA
UCqnOwfiYhtnS0CkQXqIrbrg,pJyshZvzdiw
UCqnOwfiYhtnS0CkQXqIrbrg,SDB8vaBCl18
UCqnOwfiYhtnS0CkQXqIrbrg,S6pVeRxA1M0
UCqnOwfiYhtnS0CkQXqIrbrg,G3mVC2EhpmY
UCqnOwfiYhtnS0CkQXqIrbrg,kUwbh-61cnk
UCqnOwfiYhtnS0CkQXqIrbrg,eynWKm6Z9Os
UCqnOwfiYhtnS0CkQXqIrbrg,SQiA8aT7sEE
UCqnOwfiYhtnS0CkQXqIrbrg,_uI3uqBmq0o
UCqnOwfiYhtnS0CkQXqIrbrg,EYPy7DQais4
UCqnOwfiYhtnS0CkQXqIrbrg,xW2tcNqBe-0
UCqnOwfiYhtnS0CkQXqIrbrg,--P0N9pCQfM
UCqnOwfiYhtnS0CkQXqIrbrg,7n6iVh2G2XM
UCqnOwfiYhtnS0CkQXqIrbrg,gFGdRJU5fMI
UCqnOwfiYhtnS0CkQXqIrbrg,VhDJfjEJC_s
UCqnOwfiYhtnS0CkQXqIrbrg,3Toe7KCadBg
UCqnOwfiYhtnS0CkQXqIrbrg,rrdvxU8S_gA
UCqnOwfiYhtnS0CkQXqIrbrg,7JB9Ezl2gzI
UCqnOwfiYhtnS0CkQXqIrbrg,52Un8KEeI0E
UCqnOwfiYhtnS0CkQXqIrbrg,sCg9gDuxpgk
UCqnOwfiYhtnS0CkQXqIrbrg,m3m8zFA6kio
UC0f_USnWT_ll5SHhmr9ZKpA,s2oHEtNQUWI
UC0f_USnWT_ll5SHhmr9ZKpA,nZvCYnZPGIU
UC0f_USnWT_ll5SHhmr9ZKpA,ZEYneO8S-8M
UC0f_USnWT_ll5SHhmr9ZKpA,Jgr_1vJjAh8
UC0f_USnWT_ll5SHhmr9ZKpA,KVGWHcnXDMI
UC0f_USnWT_ll5SHhmr9ZKpA,dPzGou1G9rg
UC0f_USnWT_ll5SHhmr9ZKpA,iMpb5igRr_4
UC0f_USnWT_ll5SHhmr9ZKpA,ZqPM-WIORC8
UC0f_USnWT_ll5SHhmr9ZKpA,tAmszbQsc18
UC0f_USnWT_ll5SHhmr9ZKpA,qvTJRi3WybE
UC0f_USnWT_ll5SHhmr9ZKpA,-qFPEQ7KNA8
UC0f_USnWT_ll5SHhmr9ZKpA,kkEgAqbHc18
UC0f_USnWT_ll5SHhmr9ZKpA,GTBdul8sAOU
UC0f_USnWT_ll5SHhmr9ZKpA,ggVDyapmnvw
UC0f_USnWT_ll5SHhmr9ZKpA,QjhpbPBmMFE
UC0f_USnWT_ll5SHhmr9ZKpA,-qMv047FZPs
UC0f_USnWT_ll5SHhmr9ZKpA,dx95UB0qors
UC0f_USnWT_ll5SHhmr9ZKpA,pURkWxRsG7E
UC0f_USnWT_ll5SHhmr9ZKpA,EbL4_l8NIIg
UC0f_USnWT_ll5SHhmr9ZKpA,ciOolAd7tT8
UC0f_USnWT_ll5SHhmr9ZKpA,fImr-w8-5Y4
UC0f_USnWT_ll5SHhmr9ZKpA,I3Bngn2qgac
UC0f_USnWT_ll5SHhmr9ZKpA,yhppRT7zvtY
UC0f_USnWT_ll5SHhmr9ZKpA,p8-cklm4R0k
UC0f_USnWT_ll5SHhmr9ZKpA,NcRaf2tCMSU
UC0f_USnWT_ll5SHhmr9ZKpA,MNhWouEXCi8
UC0f_USnWT_ll5SHhmr9ZKpA,d4_YGZcmF1I
UC0f_USnWT_ll5SHhmr9ZKpA,eEiPlSAopDM
UC0f_USnWT_ll5SHhmr9ZKpA,DdMhWjKtEoo
UC0f_USnWT_ll5SHhmr9ZKpA,ZA_jAJ9brzU
UC0f_USnWT_ll5SHhmr9ZKpA,r6JIY-5Jnxs
UC0f_USnWT_ll5SHhmr9ZKpA,KqrHfuKeyAU
UC0f_USnWT_ll5SHhmr9ZKpA,L4ziakFd6yc
UC0f_USnWT_ll5SHhmr9ZKpA,96Hl-mEcnWQ
UC0f_USnWT_ll5SHhmr9ZKpA,MxrR3TCBs6M
UC0f_USnWT_ll5SHhmr9ZKpA,DsHwC_KPWWw
UC0f_USnWT_ll5SHhmr9ZKpA,t-hJgcFwVzw
UC0f_USnWT_ll5SHhmr9ZKpA,wznsr1iCd1U
UC0f_USnWT_ll5SHhmr9ZKpA,aXEA0cdGmH4
UC0f_USnWT_ll5SHhmr9ZKpA,BnoPhubkfcQ
UC0f_USnWT_ll5SHhmr9ZKpA,JZwTyoFJ-VI
UC0f_USnWT_ll5SHhmr9ZKpA,IJFvn7n3SIY
UC0f_USnWT_ll5SHhmr9ZKpA,arbUSLLeRHE
UC0f_USnWT_ll5SHhmr9ZKpA,d9mzE1W08Iw
UC0f_USnWT_ll5SHhmr9ZKpA,9NbopyjJ6GM
UC0f_USnWT_ll5SHhmr9ZKpA,eoQAYc3WHuY
UC0f_USnWT_ll5SHhmr9ZKpA,4jlRKpN7_O8
UC0f_USnWT_ll5SHhmr9ZKpA,LUZOf_3JYxw
UC0f_USnWT_ll5SHhmr9ZKpA,VTa7WWWjGZE
UC0f_USnWT_ll5SHhmr9ZKpA,PBcqNm3Zja4
UCVH9VyRTafNLIyLfxcmZcSA,UVbxdB6OvJk
UCVH9VyRTafNLIyLfxcmZcSA,Ygbl0u_CnJk
UCVH9VyRTafNLIyLfxcmZcSA,ygwqNH7nTg4
UCVH9VyRTafNLIyLfxcmZcSA,i4rqnvSspCs
UCVH9VyRTafNLIyLfxcmZcSA,cWWyjLDpntE
UCVH9VyRTafNLIyLfxcmZcSA,m3JXUGjn3Rs
UCVH9VyRTafNLIyLfxcmZcSA,km3HRbIde9E
UCVH9VyRTafNLIyLfxcmZcSA,uBVtxdeivmw
UCVH9VyRTafNLIyLfxcmZcSA,FKaBc9o5fMs
UCVH9VyRTafNLIyLfxcmZcSA,Nl_4tSs6JqY
UCVH9VyRTafNLIyLfxcmZcSA,2vdz5wE4YFM
UCVH9VyRTafNLIyLfxcmZcSA,aw2wJ0SaCGI
UCVH9VyRTafNLIyLfxcmZcSA,vM0XUP5p3MM
UCVH9VyRTafNLIyLfxcmZcSA,IB29pvuepxs
UCVH9VyRTafNLIyLfxcmZcSA,YhVlokYXbbY
UCVH9VyRTafNLIyLfxcmZcSA,jwKL4XRXV3o
UCVH9VyRTafNLIyLfxcmZcSA,qaO4j7VAK3c
UCVH9VyRTafNLIyLfxcmZcSA,PIBN1YAIxtc
UCVH9VyRTafNLIyLfxcmZcSA,wlowaF7O6Jg
UCVH9VyRTafNLIyLfxcmZcSA,I-ZjSYKMRV8
UCVH9VyRTafNLIyLfxcmZcSA,e4hECcuIr9U
UCVH9VyRTafNLIyLfxcmZcSA,fWTlWRyv8dg
UCVH9VyRTafNLIyLfxcmZcSA,PgFtbYffL8U
UCVH9VyRTafNLIyLfxcmZcSA,FADODRnAXCM
UCVH9VyRTafNLIyLfxcmZcSA,AjytoCX8aPQ
UCVH9VyRTafNLIyLfxcmZcSA,z_Iv5IN7aZM
UCVH9VyRTafNLIyLfxcmZcSA,jvUvAwVrbCY
UCVH9VyRTafNLIyLfxcmZcSA,-K5TmI3fh90
UCVH9VyRTafNLIyLfxcmZcSA,Jo3fBta4nJw
UCVH9VyRTafNLIyLfxcmZcSA,T49_yKLey5U
UCVH9VyRTafNLIyLfxcmZcSA,8-Ky4nOEQwY
UCVH9VyRTafNLIyLfxcmZcSA,Yz2lM8nvvE0
UCVH9VyRTafNLIyLfxcmZcSA,a9CFTPLnDng
UCVH9VyRTafNLIyLfxcmZcSA,6h0we2nP6B8
UCVH9VyRTafNLIyLfxcmZcSA,lR4qo9bzFQE
UCVH9VyRTafNLIyLfxcmZcSA,eSoYa_Q32oI
UCVH9VyRTafNLIyLfxcmZcSA,To9QFUJTLf0
UCVH9VyRTafNLIyLfxcmZcSA,Gw5NDfA-6-8
UCVH9VyRTafNLIyLfxcmZcSA,2yZjrT4Fhjs
UCVH9VyRTafNLIyLfxcmZcSA,UavbUFlLt0k
UCVH9VyRTafNLIyLfxcmZcSA,jLRHCRtgrkU
UCVH9VyRTafNLIyLfxcmZcSA,5ZK93FWic60
UCVH9VyRTafNLIyLfxcmZcSA,aPgDKrsTq2o
UCVH9VyRTafNLIyLfxcmZcSA,riu60aYkhxo
UCVH9VyRTafNLIyLfxcmZcSA,cwTvSETGTpU
UCVH9VyRTafNLIyLfxcmZcSA,kIAz-Y8s_1w
UCVH9VyRTafNLIyLfxcmZcSA,AuX_ATS_bMk
UCVH9VyRTafNLIyLfxcmZcSA,kZ4oqUQ8mlw
UCVH9VyRTafNLIyLfxcmZcSA,YIhT2w7Ofmc
UCVH9VyRTafNLIyLfxcmZcSA,-E4T35Gon_4
UCroDJPcFCf6DBmHns6Xeb8g,TQV4NdLoQGY
UCroDJPcFCf6DBmHns6Xeb8g,Jmh1jRx_9N4
UCroDJPcFCf6DBmHns6Xeb8g,aD8AnYkopNA
UCroDJPcFCf6DBmHns6Xeb8g,19bMTxfuITc
UCroDJPcFCf6DBmHns6Xeb8g,zISqFnBhxBE
UCroDJPcFCf6DBmHns6Xeb8g,rj8CO7SINnE
UCroDJPcFCf6DBmHns6Xeb8g,oyU8sqJ75D0
UCroDJPcFCf6DBmHns6Xeb8g,fKjzlhN_980
UCroDJPcFCf6DBmHns6Xeb8g,2M_OTgD_NBQ
UCroDJPcFCf6DBmHns6Xeb8g,Qf5-3IbQZdY
UCroDJPcFCf6DBmHns6Xeb8g,EsAdPRdYvJM
UCroDJPcFCf6DBmHns6Xeb8g,FrptXtWARmk
UCroDJPcFCf6DBmHns6Xeb8g,HVqulPLKjcw
UCroDJPcFCf6DBmHns6Xeb8g,EBE3V86GJ4k
UCroDJPcFCf6DBmHns6Xeb8g,9gSDqRehIe8
UCroDJPcFCf6DBmHns6Xeb8g,nb3QdXKNoyw
UCroDJPcFCf6DBmHns6Xeb8g,f3HIIBUIx70
UCroDJPcFCf6DBmHns6Xeb8g,-WxJ5K90yEE
UCroDJPcFCf6DBmHns6Xeb8g,cdlLnxmVx6U
UCroDJPcFCf6DBmHns6Xeb8g,DQd7gyStwhg
UCroDJPcFCf6DBmHns6Xeb8g,s57jB-VVUWY
UCroDJPcFCf6DBmHns6Xeb8g,Fhf3e7qNRNw
UCroDJPcFCf6DBmHns6Xeb8g,yzw0ZhKRFxg
UCroDJPcFCf6DBmHns6Xeb8g,G7IFM2HAyDE
UCroDJPcFCf6DBmHns6Xeb8g,pf6VU4HQbZY
UCroDJPcFCf6DBmHns6Xeb8g,OXrzpiYOoLE
UCroDJPcFCf6DBmHns6Xeb8g,K3fAin1-QbU
UCroDJPcFCf6DBmHns6Xeb8g,G8M6fGG6lRk
UCroDJPcFCf6DBmHns6Xeb8g,VckDf4yow4Q
UCroDJPcFCf6DBmHns6Xeb8g,1DFrcO3HhMk
UCroDJPcFCf6DBmHns6Xeb8g,9H5ftaLchXY
UCroDJPcFCf6DBmHns6Xeb8g,1g02Ivi_iMM
UCroDJPcFCf6DBmHns6Xeb8g,SepQ3QmfaRQ
UCroDJPcFCf6DBmHns6Xeb8g,Jk0ybMOHXmM
UCroDJPcFCf6DBmHns6Xeb8g,OcHMfHmHzyA
UCroDJPcFCf6DBmHns6Xeb8g,OHdmXTTm4Ls
UCroDJPcFCf6DBmHns6Xeb8g,zDOqYj0JGfQ
UCroDJPcFCf6DBmHns6Xeb8g,R-dG2WfSdLA
UCroDJPcFCf6DBmHns6Xeb8g,9bUdjuS8wwU
UCroDJPcFCf6DBmHns6Xeb8g,9hkK_Ximssc
UCroDJPcFCf6DBmHns6Xeb8g,BvHHd9K1LAM
UCroDJPcFCf6DBmHns6Xeb8g,lFGlAAzF_7Y
UCroDJPcFCf6DBmHns6Xeb8g,zxy9ig5U80w
UCroDJPcFCf6DBmHns6Xeb8g,RG804y_-8fk
UCroDJPcFCf6DBmHns6Xeb8g,sw3XnqRtYbU
UCroDJPcFCf6DBmHns6Xeb8g,2jJ5dn12OVE
UCroDJPcFCf6DBmHns6Xeb8g,tnUs1a8RwSM
UCroDJPcFCf6DBmHns6Xeb8g,Eu7Ka2B7VrM
UCroDJPcFCf6DBmHns6Xeb8g,tGD0i5y-U7U
UCroDJPcFCf6DBmHns6Xeb8g,qWtyQF4vz4E
UC7EZkeOTyjQhLC5pZMyQweQ,UMZsadaDq7Q
UC7EZkeOTyjQhLC5pZMyQweQ,M7lP8OZw4l8
UC7EZkeOTyjQhLC5pZMyQweQ,DVHHqOeB2A0
UC7EZkeOTyjQhLC5pZMyQweQ,oQUGU_Gc3dQ
UC7EZkeOTyjQhLC5pZMyQweQ,4I_Y3DPyLmc
UC7EZkeOTyjQhLC5pZMyQweQ,zrE77hx5rsc
UC7EZkeOTyjQhLC5pZMyQweQ,8FagO9JLBug
UC7EZkeOTyjQhLC5pZMyQweQ,f7p_HeV27cw
UC7EZkeOTyjQhLC5pZMyQweQ,fzcK3ub2ImA
UC7EZkeOTyjQhLC5pZMyQweQ,ww2ZsC110Z4
UC7EZkeOTyjQhLC5pZMyQweQ,MNu27jR2SU8
UC7EZkeOTyjQhLC5pZMyQweQ,9nrmJ3DqW_Y
UC7EZkeOTyjQhLC5pZMyQweQ,5uH48sCNvDA
UC7EZkeOTyjQhLC5pZMyQweQ,r6KrhUa-KRs
UC7EZkeOTyjQhLC5pZMyQweQ,Q-e7nHxNC0U
UC7EZkeOTyjQhLC5pZMyQweQ,CWCvsUq_Z_4
UC7EZkeOTyjQhLC5pZMyQweQ,MEoT51MmRkg
UC7EZkeOTyjQhLC5pZMyQweQ,ZQZJjZX-lA0
UC7EZkeOTyjQhLC5pZMyQweQ,mzFtDH9QfGw
UC7EZkeOTyjQhLC5pZMyQweQ,L_42l_7emNY
UC7EZkeOTyjQhLC5pZMyQweQ,S4lj2VyKkJI
UC7EZkeOTyjQhLC5pZMyQweQ,yR1bYb1zxpE
UC7EZkeOTyjQhLC5pZMyQweQ,hQBqF83eGuA
UC7EZkeOTyjQhLC5pZMyQweQ,EFT8ELfIiFk
UC7EZkeOTyjQhLC5pZMyQweQ,so6rCMK7FR4
UC7EZkeOTyjQhLC5pZMyQweQ,r0QCGmY5kkM
UC7EZkeOTyjQhLC5pZMyQweQ,x1qntJ9MPko
UC7EZkeOTyjQhLC5pZMyQweQ,2XEfKzq0_E8
UC7EZkeOTyjQhLC5pZMyQweQ,mKhy9yC0c2Y
UC7EZkeOTyjQhLC5pZMyQweQ,y7tyAp2D93E
UC7EZkeOTyjQhLC5pZMyQweQ,qr3qomjFsxs
UC7EZkeOTyjQhLC5pZMyQweQ,oFb-fMqa7xI
UC7EZkeOTyjQhLC5pZMyQweQ,-mk0Up_EWRs
UC7EZkeOTyjQhLC5pZMyQweQ,QujL8HGWejE
UC7EZkeOTyjQhLC5pZMyQweQ,8rOpfFLEKp8
UC7EZkeOTyjQhLC5pZMyQweQ,ueWEIS_Fegc
UC7EZkeOTyjQhLC5pZMyQweQ,Pos8l-RjIJo
UC7EZkeOTyjQhLC5pZMyQweQ,KPIUN3Is6d0
UC7EZkeOTyjQhLC5pZMyQweQ,z1UTICS_Br0
UCkJHb4rTNd8PIMD9S0UPCiw,dkx4Ie9Ertw
UCkJHb4rTNd8PIMD9S0UPCiw,5CuGmzgd4BM
UCkJHb4rTNd8PIMD9S0UPCiw,Zpc7uyvose8
UCkJHb4rTNd8PIMD9S0UPCiw,AzJH8M7zHjs
UCkJHb4rTNd8PIMD9S0UPCiw,uYpJ37_2QaI
UCkJHb4rTNd8PIMD9S0UPCiw,gH_8sr0Ycak
UCkJHb4rTNd8PIMD9S0UPCiw,-UcswJK_Ch4
UCkJHb4rTNd8PIMD9S0UPCiw,lPVtM1KgUFw
UCkJHb4rTNd8PIMD9S0UPCiw,rv1Bf9YoaNA
UCkJHb4rTNd8PIMD9S0UPCiw,Rn1zUuSyBCU
UCkJHb4rTNd8PIMD9S0UPCiw,5EPC1sim04E
UCkJHb4rTNd8PIMD9S0UPCiw,cskAdtPcDnE
UCkJHb4rTNd8PIMD9S0UPCiw,MF2lyX_y9Vg
UCkJHb4rTNd8PIMD9S0UPCiw,U-CfBzC_veE
UCkJHb4rTNd8PIMD9S0UPCiw,pdMlg0OT9ck
UCkJHb4rTNd8PIMD9S0UPCiw,EzuI_B4pshk
UCkJHb4rTNd8PIMD9S0UPCiw,EIe0HezzS0I
UCkJHb4rTNd8PIMD9S0UPCiw,5LH5g8os37A
UCkJHb4rTNd8PIMD9S0UPCiw,kAEN-j9r9g8
UCkJHb4rTNd8PIMD9S0UPCiw,cuth1Nwn7lg
UCkJHb4rTNd8PIMD9S0UPCiw,1ClFNhthUFw
UCkJHb4rTNd8PIMD9S0UPCiw,-ODif8AePho
UCkJHb4rTNd8PIMD9S0UPCiw,odtoBOSy2nQ
UCkJHb4rTNd8PIMD9S0UPCiw,Y6iyQu3tniE
UCkJHb4rTNd8PIMD9S0UPCiw,2JtodkPkoh4
UCkJHb4rTNd8PIMD9S0UPCiw,b49yW-pn-3M
UCkJHb4rTNd8PIMD9S0UPCiw,8kNnFC2RqIg
UCkJHb4rTNd8PIMD9S0UPCiw,9CTU7Sf3T5U
UCkJHb4rTNd8PIMD9S0UPCiw,nZBCxdYCDRQ
UCkJHb4rTNd8PIMD9S0UPCiw,ArW-atFr1DQ
UCkJHb4rTNd8PIMD9S0UPCiw,S6XrpRg6zmM
UCkJHb4rTNd8PIMD9S0UPCiw,CDdugA4Pj1k
UCkJHb4rTNd8PIMD9S0UPCiw,Pt_kmQnut64
UCkJHb4rTNd8PIMD9S0UPCiw,OJe5LedrRdI
UCkJHb4rTNd8PIMD9S0UPCiw,D2DOHBZqG3k
UCkJHb4rTNd8PIMD9S0UPCiw,54mJx1RGk-I
UCkJHb4rTNd8PIMD9S0UPCiw,8aax31UQ_7M
UCkJHb4rTNd8PIMD9S0UPCiw,mLBIBODpMIc
UCkJHb4rTNd8PIMD9S0UPCiw,wGNdOT6diMU
UCkJHb4rTNd8PIMD9S0UPCiw,1oJiVjsQ_YE
UCkJHb4rTNd8PIMD9S0UPCiw,nPIBJhGvUqU
UCkJHb4rTNd8PIMD9S0UPCiw,4v2o55ByL1g
UCkJHb4rTNd8PIMD9S0UPCiw,xZ28nhaHiSc
UCkJHb4rTNd8PIMD9S0UPCiw,bhCTXDKIIHc
UCkJHb4rTNd8PIMD9S0UPCiw,1JGh87y3WAY
UCkJHb4rTNd8PIMD9S0UPCiw,Vyjm7uT_XOo
UCEZufuEDQi-bHovN37Ra2EA,qLV_slynPIg
UCEZufuEDQi-bHovN37Ra2EA,0_tCj3D59j4
UCEZufuEDQi-bHovN37Ra2EA,i_w77Lfq5sY
UCEZufuEDQi-bHovN37Ra2EA,9uyUrL8_n60
UCEZufuEDQi-bHovN37Ra2EA,12HqctzFw-4
UCEZufuEDQi-bHovN37Ra2EA,CrRE0-SlFXg
UCEZufuEDQi-bHovN37Ra2EA,WDF-IX28uCY
UCEZufuEDQi-bHovN37Ra2EA,ijMkvUN46tw
UCEZufuEDQi-bHovN37Ra2EA,x9iE69t5TYY
UCEZufuEDQi-bHovN37Ra2EA,CIvYjfeQgpw
UCEZufuEDQi-bHovN37Ra2EA,MIJklO9BWG4
UCEZufuEDQi-bHovN37Ra2EA,Ue-uBFz607Y
UCEZufuEDQi-bHovN37Ra2EA,sdzvesFKg74
UCEZufuEDQi-bHovN37Ra2EA,MmbBAQhaK9Y
UCEZufuEDQi-bHovN37Ra2EA,hL7VstFZZ7w
UCEZufuEDQi-bHovN37Ra2EA,IV8HVijgxYM
UCEZufuEDQi-bHovN37Ra2EA,Vhi0vTApEZk
UCEZufuEDQi-bHovN37Ra2EA,gYv_8c6hiGY
UCEZufuEDQi-bHovN37Ra2EA,x0Caj-Hj8ys
UCEZufuEDQi-bHovN37Ra2EA,dA-a3EnR11Y
UCEZufuEDQi-bHovN37Ra2EA,minqHvDkHBk
UCEZufuEDQi-bHovN37Ra2EA,14RnWqEzJus
UCEZufuEDQi-bHovN37Ra2EA,sipjQI4sxBk
UCEZufuEDQi-bHovN37Ra2EA,oTBTfycBk1k
UCEZufuEDQi-bHovN37Ra2EA,qQC7rHVBSh0
UCEZufuEDQi-bHovN37Ra2EA,jA3X1pKucIM
UCEZufuEDQi-bHovN37Ra2EA,TX9rfg7hXXU
UCEZufuEDQi-bHovN37Ra2EA,KZeu-fdLKiI
UCEZufuEDQi-bHovN37Ra2EA,cASze-CnEIM
UCEZufuEDQi-bHovN37Ra2EA,eOSQUXXSnIA
UCEZufuEDQi-bHovN37Ra2EA,iXQL7BL1WQo
UCEZufuEDQi-bHovN37Ra2EA,dPmJzFj_hn0
UCEZufuEDQi-bHovN37Ra2EA,5hXgHFQ5OtQ
UCEZufuEDQi-bHovN37Ra2EA,OkRBvyGW3v8
UCEZufuEDQi-bHovN37Ra2EA,880GVdQc-m0
UC76bXvxIhHBoMNaZ4cEW0tg,GZfoOmTEzec
UC76bXvxIhHBoMNaZ4cEW0tg,yKfh9GiJgjc
UC76bXvxIhHBoMNaZ4cEW0tg,4MX3hTh6tgI
UC76bXvxIhHBoMNaZ4cEW0tg,_U-wHK2NF84
UC76bXvxIhHBoMNaZ4cEW0tg,VVlYx5bh600
UC76bXvxIhHBoMNaZ4cEW0tg,-NK6pKHuRVU
UC76bXvxIhHBoMNaZ4cEW0tg,6lMvNOkm4v8
UC76bXvxIhHBoMNaZ4cEW0tg,MGkcyBtfhnY
UC76bXvxIhHBoMNaZ4cEW0tg,KVwivSBlew8
UC76bXvxIhHBoMNaZ4cEW0tg,at_fSJ2tf3A
UC76bXvxIhHBoMNaZ4cEW0tg,BOpmKQAufcQ
UC76bXvxIhHBoMNaZ4cEW0tg,Wj5b4u7WTYI
UC76bXvxIhHBoMNaZ4cEW0tg,JO5-Ynv-nSw
UC76bXvxIhHBoMNaZ4cEW0tg,0ihpiFCy7Qc
UC76bXvxIhHBoMNaZ4cEW0tg,7qp4NroR1m4
UC76bXvxIhHBoMNaZ4cEW0tg,LVT55ytLXSU
UC76bXvxIhHBoMNaZ4cEW0tg,moclwsH50Xc
UC76bXvxIhHBoMNaZ4cEW0tg,kOhBpxk7SQs
UC76bXvxIhHBoMNaZ4cEW0tg,w0Gt9yav6SU
UC76bXvxIhHBoMNaZ4cEW0tg,QK0IgraZw_4
UC76bXvxIhHBoMNaZ4cEW0tg,BnlupyM48wA
UC76bXvxIhHBoMNaZ4cEW0tg,N3ir-9BNY7g
UC76bXvxIhHBoMNaZ4cEW0tg,Xo40o77E4yo
UC76bXvxIhHBoMNaZ4cEW0tg,FrVf9k8_oEQ
UC76bXvxIhHBoMNaZ4cEW0tg,YKTeZY8nGS0
UC76bXvxIhHBoMNaZ4cEW0tg,2FtjCHyrsWU
UC76bXvxIhHBoMNaZ4cEW0tg,GmJLZAGQkFU
UC76bXvxIhHBoMNaZ4cEW0tg,jokWmdGbJlE
UC76bXvxIhHBoMNaZ4cEW0tg,1PEPSzQWwL8
UC76bXvxIhHBoMNaZ4cEW0tg,yK8vad6S-0g
UC76bXvxIhHBoMNaZ4cEW0tg,UkBwcniDugs
UC76bXvxIhHBoMNaZ4cEW0tg,qKuPv1w45fo
UC76bXvxIhHBoMNaZ4cEW0tg,sfiPiCYu5nU
UC76bXvxIhHBoMNaZ4cEW0tg,swaWn5DksMg
UC76bXvxIhHBoMNaZ4cEW0tg,G-ce8OWa5lU
UC76bXvxIhHBoMNaZ4cEW0tg,RcIsdw3gLbY
UC76bXvxIhHBoMNaZ4cEW0tg,mQQmFLp-XAo
UC76bXvxIhHBoMNaZ4cEW0tg,3aMU_aFOIAA
UC76bXvxIhHBoMNaZ4cEW0tg,4_7gFiRFXEc
UC76bXvxIhHBoMNaZ4cEW0tg,s9PJtJYc-Hs
UC76bXvxIhHBoMNaZ4cEW0tg,9OLTD7Aue50
UC76bXvxIhHBoMNaZ4cEW0tg,7XLA-h-TkP8
UC76bXvxIhHBoMNaZ4cEW0tg,-u6qx4MygDI
UC76bXvxIhHBoMNaZ4cEW0tg,Q3TgzFgNREw
UC76bXvxIhHBoMNaZ4cEW0tg,c68MJETxqng
UC76bXvxIhHBoMNaZ4cEW0tg,b3ciOojFe3w
UC76bXvxIhHBoMNaZ4cEW0tg,ahDIxRpSveE
UC76bXvxIhHBoMNaZ4cEW0tg,lbypo_1-EhI
UC76bXvxIhHBoMNaZ4cEW0tg,FPxwDvKxN10
UC76bXvxIhHBoMNaZ4cEW0tg,gN9LHTq53_4
UCx8rlHU4ylTLHGixMPvjgfw,ZBPENdHlODM
UCx8rlHU4ylTLHGixMPvjgfw,Rl3E296AVG0
UCx8rlHU4ylTLHGixMPvjgfw,z9uVbkt_0CA
UCx8rlHU4ylTLHGixMPvjgfw,VFzoAzZCt1U
UCx8rlHU4ylTLHGixMPvjgfw,KuxbAD7JdnA
UCx8rlHU4ylTLHGixMPvjgfw,L7vYZ1FwY50
UCx8rlHU4ylTLHGixMPvjgfw,vJuSUyyhSn0
UCx8rlHU4ylTLHGixMPvjgfw,QrEquqHYn3I
UCx8rlHU4ylTLHGixMPvjgfw,kxqIYWL0Bhk
UCx8rlHU4ylTLHGixMPvjgfw,Pw3ikkMXo30
UCx8rlHU4ylTLHGixMPvjgfw,GTG6VZD5AdU
UCx8rlHU4ylTLHGixMPvjgfw,dxSik5ZVg70
UCx8rlHU4ylTLHGixMPvjgfw,BwJ7sji_AKI
UCx8rlHU4ylTLHGixMPvjgfw,wRIXGnbsdac
UCx8rlHU4ylTLHGixMPvjgfw,4hjdr8q0CVU
UCx8rlHU4ylTLHGixMPvjgfw,wPxy_IW3sr0
UCx8rlHU4ylTLHGixMPvjgfw,Yy2Oa9r6kcg
UCx8rlHU4ylTLHGixMPvjgfw,wWCtxgoXVMU
UCx8rlHU4ylTLHGixMPvjgfw,xbr-ti9emv0
UCx8rlHU4ylTLHGixMPvjgfw,sheMfHT5_aw
UCx8rlHU4ylTLHGixMPvjgfw,x6ckroPN4Ks
UCx8rlHU4ylTLHGixMPvjgfw,XKlzIDgxdfs
UCx8rlHU4ylTLHGixMPvjgfw,jIxc0I0MuPw
UCx8rlHU4ylTLHGixMPvjgfw,OupfTVDxWJM
UCx8rlHU4ylTLHGixMPvjgfw,PsfcwymTsMg
UCx8rlHU4ylTLHGixMPvjgfw,geF1onXGuCc
UCx8rlHU4ylTLHGixMPvjgfw,nLqOf6-J4vA
UCx8rlHU4ylTLHGixMPvjgfw,ZG7MBDTbrU0
UCx8rlHU4ylTLHGixMPvjgfw,rhTSWq1CCSs
UCx8rlHU4ylTLHGixMPvjgfw,Rs-LwYlWbPE
UCx8rlHU4ylTLHGixMPvjgfw,Jpel4x4HyoY
UCx8rlHU4ylTLHGixMPvjgfw,A12ylJjP-7g
UCx8rlHU4ylTLHGixMPvjgfw,-4KIRXaJrXI
UCx8rlHU4ylTLHGixMPvjgfw,mSVTxbkCTmE
UCx8rlHU4ylTLHGixMPvjgfw,QXQl7cnLR4s
UC8C7sbw7tHN2gD6fE9Cj9rw,wUmRSD_r6i0
UC8C7sbw7tHN2gD6fE9Cj9rw,km1htDFq7zQ
UC8C7sbw7tHN2gD6fE9Cj9rw,kAqf_-yIzkg
UC8C7sbw7tHN2gD6fE9Cj9rw,LeGQJQG1lJc
UC8C7sbw7tHN2gD6fE9Cj9rw,NoWWg1E8bCw
UC8C7sbw7tHN2gD6fE9Cj9rw,2QPzQGzEMCY
UC8C7sbw7tHN2gD6fE9Cj9rw,GG6KYCXUFh8
UC8C7sbw7tHN2gD6fE9Cj9rw,z7j89WAA0Zw
UC8C7sbw7tHN2gD6fE9Cj9rw,e5PzrZ82mcg
UC8C7sbw7tHN2gD6fE9Cj9rw,WBgFUpvWn_M
UC8C7sbw7tHN2gD6fE9Cj9rw,5w7TXXR1x9w
UC8C7sbw7tHN2gD6fE9Cj9rw,rFYJVYSjI44
UC8C7sbw7tHN2gD6fE9Cj9rw,m3y5nOmm_LE
UC8C7sbw7tHN2gD6fE9Cj9rw,vv9JFSnzli4
UC8C7sbw7tHN2gD6fE9Cj9rw,UKFHRk6h5Yw
UC8C7sbw7tHN2gD6fE9Cj9rw,RTVnr2b00-w
UC8C7sbw7tHN2gD6fE9Cj9rw,aRtlEvFilmc
UC8C7sbw7tHN2gD6fE9Cj9rw,g5BluYLn518
UC8C7sbw7tHN2gD6fE9Cj9rw,INJvxopreSk
UC8C7sbw7tHN2gD6fE9Cj9rw,zXCQdG_PqUs
UC8C7sbw7tHN2gD6fE9Cj9rw,uicp4luhdwU
UC8C7sbw7tHN2gD6fE9Cj9rw,tLD2FAKwUEM
UC8C7sbw7tHN2gD6fE9Cj9rw,mj35SQjgSoU
UC8C7sbw7tHN2gD6fE9Cj9rw,do43QyITD4M
UC8C7sbw7tHN2gD6fE9Cj9rw,9KmqImPU7rw
UC8C7sbw7tHN2gD6fE9Cj9rw,8gbud6KBZss
UC8C7sbw7tHN2gD6fE9Cj9rw,YM0Mb9biKWw
UC8C7sbw7tHN2gD6fE9Cj9rw,5Xa5F9tBR34
UC8C7sbw7tHN2gD6fE9Cj9rw,yPz9pHvNATI
UCwQ48S6LdJVdGUM27M0oy4w,okU9ws3U0No
UCwQ48S6LdJVdGUM27M0oy4w,ZcLUyIAEkY8
UCwQ48S6LdJVdGUM27M0oy4w,fRQDt3jW0mM
UCwQ48S6LdJVdGUM27M0oy4w,aW-VZ5qavjY
UCwQ48S6LdJVdGUM27M0oy4w,94nQwu6EnQY
UCwQ48S6LdJVdGUM27M0oy4w,o3y1XfN-42g
UCwQ48S6LdJVdGUM27M0oy4w,HhH8bHmvunM
UCwQ48S6LdJVdGUM27M0oy4w,b9ira43PPfY
UCwQ48S6LdJVdGUM27M0oy4w,1r2suM9_pVk
UCwQ48S6LdJVdGUM27M0oy4w,6qUqRWJRR3g
UCwQ48S6LdJVdGUM27M0oy4w,5SteXYK74P8
UCwQ48S6LdJVdGUM27M0oy4w,68aILegw5M8
UCwQ48S6LdJVdGUM27M0oy4w,ulwwywDSp7k
UCwQ48S6LdJVdGUM27M0oy4w,02JNBuVTViU
UCwQ48S6LdJVdGUM27M0oy4w,n0ZmBqC_Wgo
UCwQ48S6LdJVdGUM27M0oy4w,dyCDbtLaEHU
UCwQ48S6LdJVdGUM27M0oy4w,p1sShEUilvM
UCwQ48S6LdJVdGUM27M0oy4w,ATofSdsnEtA
UCwQ48S6LdJVdGUM27M0oy4w,YSpFQ-EsjoI
UCwQ48S6LdJVdGUM27M0oy4w,QUBUlSElOEY
UCwQ48S6LdJVdGUM27M0oy4w,r1cavQDSHcA
UCwQ48S6LdJVdGUM27M0oy4w,v4KP_ytm5Vs
UCwQ48S6LdJVdGUM27M0oy4w,5sZftRNvyws
UCwQ48S6LdJVdGUM27M0oy4w,eCRz9xOOLD8
UCwQ48S6LdJVdGUM27M0oy4w,aNBHk9FNG2U
UCwQ48S6LdJVdGUM27M0oy4w,J4TTr9FrqFs
UCwQ48S6LdJVdGUM27M0oy4w,DWM_kGO6VAI
UCwQ48S6LdJVdGUM27M0oy4w,pmVCPpGtLLQ
UCwQ48S6LdJVdGUM27M0oy4w,2TRjLvaRtyU
UCwQ48S6LdJVdGUM27M0oy4w,GXxJnxq-p-4
UCwQ48S6LdJVdGUM27M0oy4w,hlB_7kFVCbQ
UCwQ48S6LdJVdGUM27M0oy4w,1Ox2IqlmDLo
UCwQ48S6LdJVdGUM27M0oy4w,uiVcHSeSJUw
UCwQ48S6LdJVdGUM27M0oy4w,JZ5QGdurPP4
UCwQ48S6LdJVdGUM27M0oy4w,EVyMufbMuzw
UCwQ48S6LdJVdGUM27M0oy4w,g3Hag7UDOGQ
UCwQ48S6LdJVdGUM27M0oy4w,Atp1QmjmMNY
UCwQ48S6LdJVdGUM27M0oy4w,5zFZDIL05I4
UCwQ48S6LdJVdGUM27M0oy4w,YutvK1PVT0U
UCwQ48S6LdJVdGUM27M0oy4w,Qq4JeSCocAQ
UCwQ48S6LdJVdGUM27M0oy4w,wKM0kBUlKCU
UCwQ48S6LdJVdGUM27M0oy4w,FcS54pjmNQ8
UCwQ48S6LdJVdGUM27M0oy4w,8xRdAiXA-GQ
UCwQ48S6LdJVdGUM27M0oy4w,Sp19ECQWb0E
UCwQ48S6LdJVdGUM27M0oy4w,N24VtizZLqo
UCwQ48S6LdJVdGUM27M0oy4w,-URSVzF9iwM
UCwQ48S6LdJVdGUM27M0oy4w,Eh9Ptmj6kEQ
UCwQ48S6LdJVdGUM27M0oy4w,m-ngrffcmg0
UCwQ48S6LdJVdGUM27M0oy4w,sJf9AzVnjQ4
UCwQ48S6LdJVdGUM27M0oy4w,sTNTTEtCOnk
UCAvgeBRw4qUxB0XdBz89sjg,_Ttv2VrYtjU
UCAvgeBRw4qUxB0XdBz89sjg,k5NHuWNKp7k
UCAvgeBRw4qUxB0XdBz89sjg,1qA-f12jHy0
UCAvgeBRw4qUxB0XdBz89sjg,LkKKMdx68hA
UCAvgeBRw4qUxB0XdBz89sjg,Lv5ACoh8PSM
UCAvgeBRw4qUxB0XdBz89sjg,_YSktJ4tRDo
UCAvgeBRw4qUxB0XdBz89sjg,O3Sf7wvKtcc
UCAvgeBRw4qUxB0XdBz89sjg,IOrz6qk89dg
UCAvgeBRw4qUxB0XdBz89sjg,yQLkj0HR1uQ
UCAvgeBRw4qUxB0XdBz89sjg,62-oG8V-iUM
UCAvgeBRw4qUxB0XdBz89sjg,ITphQUPe9ao
UCAvgeBRw4qUxB0XdBz89sjg,dN-ktdWPpik
UCAvgeBRw4qUxB0XdBz89sjg,wr5trG0oFJQ
UCAvgeBRw4qUxB0XdBz89sjg,b9TaKle9h7o
UCAvgeBRw4qUxB0XdBz89sjg,-Bmgx5BjJwo
UCAvgeBRw4qUxB0XdBz89sjg,jsxVEV8FsaI
UCAvgeBRw4qUxB0XdBz89sjg,SXQPtOkAsF4
UCAvgeBRw4qUxB0XdBz89sjg,iBOc-jnUB3w
UCAvgeBRw4qUxB0XdBz89sjg,_p35cjOuJyc
UCAvgeBRw4qUxB0XdBz89sjg,UTzCcNkKuiA
UCAvgeBRw4qUxB0XdBz89sjg,HXkeFLmFkcE
UCAvgeBRw4qUxB0XdBz89sjg,9eGZuSz9Uz0
UCAvgeBRw4qUxB0XdBz89sjg,psFYywJI8f4
UCAvgeBRw4qUxB0XdBz89sjg,9MJF4yzFqL8
UCAvgeBRw4qUxB0XdBz89sjg,1QjpYSWJPgU
UCAvgeBRw4qUxB0XdBz89sjg,kSyxSHzfYDI
UCAvgeBRw4qUxB0XdBz89sjg,4SUwKAtvrVQ
UCAvgeBRw4qUxB0XdBz89sjg,uBWNypUMoLY
UCAvgeBRw4qUxB0XdBz89sjg,kWX5wSaoN5Y
UCAvgeBRw4qUxB0XdBz89sjg,nqCETUKI1NY
UCAvgeBRw4qUxB0XdBz89sjg,iyHNLQhYtrs
UCAvgeBRw4qUxB0XdBz89sjg,0XiTQdlhbZE
UCAvgeBRw4qUxB0XdBz89sjg,ztRyfPapjeA
UCAvgeBRw4qUxB0XdBz89sjg,64dIO29AvJg
UCAvgeBRw4qUxB0XdBz89sjg,DxOXUTan8kA
UCAvgeBRw4qUxB0XdBz89sjg,RAQoEN8Unno
UCAvgeBRw4qUxB0XdBz89sjg,yns9mCaY2d0
UCAvgeBRw4qUxB0XdBz89sjg,dhnJitvnhMA
UCAvgeBRw4qUxB0XdBz89sjg,l7wFOvZGFaQ
UCAvgeBRw4qUxB0XdBz89sjg,ZEoe0Jh26sU
UCAvgeBRw4qUxB0XdBz89sjg,EFjuM3FK_RM
UCAvgeBRw4qUxB0XdBz89sjg,gj4zaeD1les
UCAvgeBRw4qUxB0XdBz89sjg,a4Pt3rXpYl0
UCAvgeBRw4qUxB0XdBz89sjg,mlCaTKBuPRs
UCAvgeBRw4qUxB0XdBz89sjg,MP6Ug0y27jM
UCAvgeBRw4qUxB0XdBz89sjg,Jgu71ImXm0Q
UCAvgeBRw4qUxB0XdBz89sjg,4gOinzS1nxA
UCAvgeBRw4qUxB0XdBz89sjg,dnmKQ-E7tRM
UCAvgeBRw4qUxB0XdBz89sjg,uEpd27JwXHo
UC6g9qKxpN82QmG-Z9po5wXQ,tmmWrqgsMjU
UC6g9qKxpN82QmG-Z9po5wXQ,U1Gtfu8XV4I
UC6g9qKxpN82QmG-Z9po5wXQ,L-aFulFGsh4
UC6g9qKxpN82QmG-Z9po5wXQ,oMR6GXtAkJY
UC6g9qKxpN82QmG-Z9po5wXQ,or23adnoRTg
UC6g9qKxpN82QmG-Z9po5wXQ,mLdCqHwztQs
UC6g9qKxpN82QmG-Z9po5wXQ,UE3sDXv0hmQ
UC6g9qKxpN82QmG-Z9po5wXQ,O2k-eVHDFuA
UC6g9qKxpN82QmG-Z9po5wXQ,nT9MZPe2R6k
UC6g9qKxpN82QmG-Z9po5wXQ,nqf4XjwjCKE
UC6g9qKxpN82QmG-Z9po5wXQ,od-YzF2hA2E
UC6g9qKxpN82QmG-Z9po5wXQ,_HAoeBoQr3E
UC6g9qKxpN82QmG-Z9po5wXQ,yJYY6Up9cVQ
UC6g9qKxpN82QmG-Z9po5wXQ,IAwiGxy6-lk
UC6g9qKxpN82QmG-Z9po5wXQ,nJhs_so6ppE
UC6g9qKxpN82QmG-Z9po5wXQ,_ATvcrdO_GA
UC6g9qKxpN82QmG-Z9po5wXQ,LkdfBJJWY5E
UC6g9qKxpN82QmG-Z9po5wXQ,rXDN88A88wU
UC6g9qKxpN82QmG-Z9po5wXQ,x6OBanZvims
UC6g9qKxpN82QmG-Z9po5wXQ,-DYOlTFTYGE
UC6g9qKxpN82QmG-Z9po5wXQ,onlrzKxKpP0
UC6g9qKxpN82QmG-Z9po5wXQ,jMaGtZfrhT0
UC6g9qKxpN82QmG-Z9po5wXQ,wdIvO5eyPyE
UC6g9qKxpN82QmG-Z9po5wXQ,Zm76PICFDtE
UC6g9qKxpN82QmG-Z9po5wXQ,G_aJJR68tqo
UC6g9qKxpN82QmG-Z9po5wXQ,ZnVPm1eosaQ
UC6g9qKxpN82QmG-Z9po5wXQ,YtoOz3KwVjM
UC6g9qKxpN82QmG-Z9po5wXQ,Q_tZZbEF3Gs
UC6g9qKxpN82QmG-Z9po5wXQ,PJ0jlh-85dA
UC6g9qKxpN82QmG-Z9po5wXQ,QF5bFc3Sjuk
UC6g9qKxpN82QmG-Z9po5wXQ,A8XkeBOLdrc
UC6g9qKxpN82QmG-Z9po5wXQ,ZKzMx_96NXI
UC6g9qKxpN82QmG-Z9po5wXQ,L89wXx10oko
UC6g9qKxpN82QmG-Z9po5wXQ,aXWfnqpDut0
UC6g9qKxpN82QmG-Z9po5wXQ,mOQ0ha6qlC8
UC6g9qKxpN82QmG-Z9po5wXQ,84MFLnX5bSw
UC6g9qKxpN82QmG-Z9po5wXQ,3Lf1uuLQ8dU
UC6g9qKxpN82QmG-Z9po5wXQ,L5bu3qEg2k4
UC6g9qKxpN82QmG-Z9po5wXQ,WY8wVSwKirI
UC6g9qKxpN82QmG-Z9po5wXQ,6ksZQeLFjuk
UC6g9qKxpN82QmG-Z9po5wXQ,95diew1c6zM
UC6g9qKxpN82QmG-Z9po5wXQ,YWwXrmWM8bQ
UC8RsKxpajbXeNcifJbDoUkg,1qo7WBo5u4k
UC8RsKxpajbXeNcifJbDoUkg,BEaNOBbTl1c
UC8RsKxpajbXeNcifJbDoUkg,MG935pt8RYc
UC8RsKxpajbXeNcifJbDoUkg,N4vErxyidm4
UC8RsKxpajbXeNcifJbDoUkg,2r_G_1CdaHs
UC8RsKxpajbXeNcifJbDoUkg,_XmrwChCn5E
UC8RsKxpajbXeNcifJbDoUkg,L4AuxQbdnNM
UC8RsKxpajbXeNcifJbDoUkg,beGJBMs3aQo
UC8RsKxpajbXeNcifJbDoUkg,akz5mDn3L7c
UC8RsKxpajbXeNcifJbDoUkg,ywpdw5h02_k
UC8RsKxpajbXeNcifJbDoUkg,ejn7FMiKuRc
UC8RsKxpajbXeNcifJbDoUkg,rtu0Qa77qvo
UC8RsKxpajbXeNcifJbDoUkg,QVgM3qOM6Qg
UC8RsKxpajbXeNcifJbDoUkg,mbKOjAjL7F4
UC8RsKxpajbXeNcifJbDoUkg,lY0JoxB4J7c
UC8RsKxpajbXeNcifJbDoUkg,yHOY9T-Q0Yo
UC8RsKxpajbXeNcifJbDoUkg,3SFj677_3Ho
UC8RsKxpajbXeNcifJbDoUkg,MW8tLXPKQU0
UC8RsKxpajbXeNcifJbDoUkg,_btGiH1YMLk
UC8RsKxpajbXeNcifJbDoUkg,tV3CxveK0HA
UC8RsKxpajbXeNcifJbDoUkg,Wij9k2zHCQY
UC8RsKxpajbXeNcifJbDoUkg,H_jUjdlLKVc
UC8RsKxpajbXeNcifJbDoUkg,TA-kzyEqFi0
UC8RsKxpajbXeNcifJbDoUkg,R0K9a5t2u0Y
UC8RsKxpajbXeNcifJbDoUkg,7k75HwsyYSE
UC8RsKxpajbXeNcifJbDoUkg,KS7d_d2Wlv8
UC8RsKxpajbXeNcifJbDoUkg,u6bwFb7edqE
UC8RsKxpajbXeNcifJbDoUkg,BXrpu5mK-34
UC8RsKxpajbXeNcifJbDoUkg,MVzXa-5M5BM
UC8RsKxpajbXeNcifJbDoUkg,HR3qNXuBOLk
UC8RsKxpajbXeNcifJbDoUkg,GIyWmZq6Hg4
UC8RsKxpajbXeNcifJbDoUkg,C_dtnx_2kMA
UC8RsKxpajbXeNcifJbDoUkg,ypLcsnxr30A
UC8RsKxpajbXeNcifJbDoUkg,oC_POIFlUJo
UC8RsKxpajbXeNcifJbDoUkg,j7nA5MYJqZ0
UC8RsKxpajbXeNcifJbDoUkg,FAFKxLF-Q6Y
UC8RsKxpajbXeNcifJbDoUkg,z5Uvct4jmLA
UC8RsKxpajbXeNcifJbDoUkg,zqyycAFvloU
UC8RsKxpajbXeNcifJbDoUkg,96h6s5rzZOw
UC8RsKxpajbXeNcifJbDoUkg,3QgWMKs4pBQ
UC8RsKxpajbXeNcifJbDoUkg,4mNjxa2rhHU
UC8RsKxpajbXeNcifJbDoUkg,b7eIed3uANM
UC8RsKxpajbXeNcifJbDoUkg,Os7y4igiNBc
UC8RsKxpajbXeNcifJbDoUkg,mXjOUmhLGWk
UC8RsKxpajbXeNcifJbDoUkg,4eqCcV5ctqc
UC8RsKxpajbXeNcifJbDoUkg,xmTDYynIrrA
UC8RsKxpajbXeNcifJbDoUkg,QXqMYEhbPIU
UCb2fKNBRtC06yz_NsUGbYgw,vTtosjrDvuw
UCb2fKNBRtC06yz_NsUGbYgw,WNrOB3KNht4
UCb2fKNBRtC06yz_NsUGbYgw,L7Myvi9eoiM
UCb2fKNBRtC06yz_NsUGbYgw,Hmh5sEtLQGw
UCb2fKNBRtC06yz_NsUGbYgw,oBXEqnhNjpA
UCb2fKNBRtC06yz_NsUGbYgw,U9ybA_pk6S0
UCb2fKNBRtC06yz_NsUGbYgw,V-fv2mN7K-c
UCb2fKNBRtC06yz_NsUGbYgw,hMRsVFVOoSk
UCb2fKNBRtC06yz_NsUGbYgw,EMd1K4yjdog
UCb2fKNBRtC06yz_NsUGbYgw,iy8lzNDjVMY
UCb2fKNBRtC06yz_NsUGbYgw,C0LqL0FfPkw
UCb2fKNBRtC06yz_NsUGbYgw,0Mc0KTP3ph4
UCb2fKNBRtC06yz_NsUGbYgw,PICIZZXDNcI
UCb2fKNBRtC06yz_NsUGbYgw,l0fvul2asp0
UCb2fKNBRtC06yz_NsUGbYgw,TZEzK9q9Feo
UCb2fKNBRtC06yz_NsUGbYgw,1enSnRYsVK4
UCb2fKNBRtC06yz_NsUGbYgw,pcNajFtP_3Q
UCb2fKNBRtC06yz_NsUGbYgw,KdUTI70nSrE
UCb2fKNBRtC06yz_NsUGbYgw,q58LeLAb5XA
UCb2fKNBRtC06yz_NsUGbYgw,akNCAgDku-s
UCb2fKNBRtC06yz_NsUGbYgw,FF-6nGMfds8
UCb2fKNBRtC06yz_NsUGbYgw,-VFMslbxxF0
UCb2fKNBRtC06yz_NsUGbYgw,XfO3NEUvV7U
UCb2fKNBRtC06yz_NsUGbYgw,xDUgB6Gxkp4
UCb2fKNBRtC06yz_NsUGbYgw,WSJ_ifrIz7s
UCb2fKNBRtC06yz_NsUGbYgw,IEOcM_DcQrI
UCb2fKNBRtC06yz_NsUGbYgw,rxMhM6WNHMg
UCb2fKNBRtC06yz_NsUGbYgw,-wh_8UWB_cI
UCb2fKNBRtC06yz_NsUGbYgw,PBkZl-ZREtE
UCb2fKNBRtC06yz_NsUGbYgw,ttL3A2iyWxo
UCb2fKNBRtC06yz_NsUGbYgw,TuNqaoZV1JM
UCb2fKNBRtC06yz_NsUGbYgw,C8GSV9gh0vU
UCLbtBAADNWGv5mL2InRLnIA,n2xlslVxZQQ
UCLbtBAADNWGv5mL2InRLnIA,UhSM05KK8w0
UCLbtBAADNWGv5mL2InRLnIA,9cUANz4bO0I
UCLbtBAADNWGv5mL2InRLnIA,Un9-qxywKHc
UCLbtBAADNWGv5mL2InRLnIA,ncjyIWdSBVE
UCLbtBAADNWGv5mL2InRLnIA,WTsRVxH-G8k
UCLbtBAADNWGv5mL2InRLnIA,XGJvGOLW8jA
UCLbtBAADNWGv5mL2InRLnIA,rkQMKoHXASg
UCLbtBAADNWGv5mL2InRLnIA,DBEFjIKxr7E
UCLbtBAADNWGv5mL2InRLnIA,RYkBKwk8jmQ
UCLbtBAADNWGv5mL2InRLnIA,Ey2i4cqVKCY
UCLbtBAADNWGv5mL2InRLnIA,8qmi0AIEiPI
UCLbtBAADNWGv5mL2InRLnIA,hM0nvRDRwwU
UCLbtBAADNWGv5mL2InRLnIA,EI6y4YCrJiU
UCLbtBAADNWGv5mL2InRLnIA,oRZCxL41dDU
UCLbtBAADNWGv5mL2InRLnIA,VoqmXWIrTk0
UCLbtBAADNWGv5mL2InRLnIA,RC6f251UE1s
UCLbtBAADNWGv5mL2InRLnIA,lvDfYECeIVY
UCLbtBAADNWGv5mL2InRLnIA,8za8eAn_dZg
UCLbtBAADNWGv5mL2InRLnIA,SpYIOxfhLVI
UCLbtBAADNWGv5mL2InRLnIA,r3C85dvulo0
UCLbtBAADNWGv5mL2InRLnIA,OAkgBeOOFFQ
UCLbtBAADNWGv5mL2InRLnIA,jTr3MN2Fz_M
UCLbtBAADNWGv5mL2InRLnIA,UeGm6pZaqYQ
UCLbtBAADNWGv5mL2InRLnIA,4g2sRs4Gh1Q
UCLbtBAADNWGv5mL2InRLnIA,Ged-oKzqBWQ
UCLbtBAADNWGv5mL2InRLnIA,R-nGxe2cFto
UCLbtBAADNWGv5mL2InRLnIA,SqDsmSAOyuc
UCLbtBAADNWGv5mL2InRLnIA,dLT1H2QCoQ4
UCLbtBAADNWGv5mL2InRLnIA,o9UOpJXC_60
UCLbtBAADNWGv5mL2InRLnIA,d-VLEEr-Tfc
UCLbtBAADNWGv5mL2InRLnIA,f989e3D2Fuo
UCLbtBAADNWGv5mL2InRLnIA,dx7tAKy8wnM
UCLbtBAADNWGv5mL2InRLnIA,JreaQzQPbr8
UCLbtBAADNWGv5mL2InRLnIA,N9hueNxrWaE
UCLbtBAADNWGv5mL2InRLnIA,aX0RfmYqzA4
UCLbtBAADNWGv5mL2InRLnIA,0SueurtD-Z8
UCLbtBAADNWGv5mL2InRLnIA,fb5IC1dAOyg
UCLbtBAADNWGv5mL2InRLnIA,msNTDrXm5kU
UCLbtBAADNWGv5mL2InRLnIA,TkiWiygzQD8
UCLbtBAADNWGv5mL2InRLnIA,RmTm96VHvEk
UCLbtBAADNWGv5mL2InRLnIA,gwm4Tu1Dt1w
UCLbtBAADNWGv5mL2InRLnIA,qLjDTVMGmGM
UCLbtBAADNWGv5mL2InRLnIA,sCPfR_ml68k
UCLbtBAADNWGv5mL2InRLnIA,9xsNKthpKvQ
UCLbtBAADNWGv5mL2InRLnIA,CsdZQcyyXRw
UCLbtBAADNWGv5mL2InRLnIA,BYFYqPkxkEY
UCLbtBAADNWGv5mL2InRLnIA,QT2Qwev0Zt8
UCLbtBAADNWGv5mL2InRLnIA,g-PxZbEbojE
UCLbtBAADNWGv5mL2InRLnIA,_i9sWXNTTuo
UCOtoxvHLKrIlWbt4MRBWfbQ,s0U3pOEFIAI
UCOtoxvHLKrIlWbt4MRBWfbQ,obFBAIVS1gA
UCOtoxvHLKrIlWbt4MRBWfbQ,jQLOFIOEE08
UCOtoxvHLKrIlWbt4MRBWfbQ,Tpk2CjoW8dY
UCOtoxvHLKrIlWbt4MRBWfbQ,ThHo34_9w5I
UCOtoxvHLKrIlWbt4MRBWfbQ,XsnG2DBPHug
UCOtoxvHLKrIlWbt4MRBWfbQ,L47KF17gxo4
UCOtoxvHLKrIlWbt4MRBWfbQ,x_C4-YdmMZ4
UCOtoxvHLKrIlWbt4MRBWfbQ,X85IPkNHYGI
UCOtoxvHLKrIlWbt4MRBWfbQ,vEhp9_PFE5c
UCOtoxvHLKrIlWbt4MRBWfbQ,qznzzkEf0yM
UCOtoxvHLKrIlWbt4MRBWfbQ,I8eDA5Mp4DI
UCOtoxvHLKrIlWbt4MRBWfbQ,kcaAMh8Z1fw
UCOtoxvHLKrIlWbt4MRBWfbQ,uqvcqCYi2Ss
UCOtoxvHLKrIlWbt4MRBWfbQ,FfDsxK60kZU
UCOtoxvHLKrIlWbt4MRBWfbQ,_mP339fgfKs
UCOtoxvHLKrIlWbt4MRBWfbQ,aWY41ZAUtxA
UCOtoxvHLKrIlWbt4MRBWfbQ,bCRdATQEKDA
UCOtoxvHLKrIlWbt4MRBWfbQ,D8gk1j_Pr2U
UCOtoxvHLKrIlWbt4MRBWfbQ,7HlVkKXiBjQ
UCOtoxvHLKrIlWbt4MRBWfbQ,IQGS11KCFpE
UCOtoxvHLKrIlWbt4MRBWfbQ,ibU0KkOtpl0
UCOtoxvHLKrIlWbt4MRBWfbQ,h4pdS7RaDxY
UCOtoxvHLKrIlWbt4MRBWfbQ,BarY0ELpKJE
UCOtoxvHLKrIlWbt4MRBWfbQ,H6oOSPw5Lp4
UCOtoxvHLKrIlWbt4MRBWfbQ,B_zUSuzUTgU
UCOtoxvHLKrIlWbt4MRBWfbQ,mjaorW6SfaA
UCOtoxvHLKrIlWbt4MRBWfbQ,_x_8G5kjfj4
UCOtoxvHLKrIlWbt4MRBWfbQ,YKSvhJmSr40
UCOtoxvHLKrIlWbt4MRBWfbQ,LpoeFBJ-d9Y
UCOtoxvHLKrIlWbt4MRBWfbQ,im_KT5k6Fg4
UCOtoxvHLKrIlWbt4MRBWfbQ,Vn7Uh6NrcsE
UCOtoxvHLKrIlWbt4MRBWfbQ,DGTGKyNoeqs
UCOtoxvHLKrIlWbt4MRBWfbQ,YArEp6FavJY
UCOtoxvHLKrIlWbt4MRBWfbQ,j7ckfpUovCQ
UCOtoxvHLKrIlWbt4MRBWfbQ,jej-U3TgvHo
UCOtoxvHLKrIlWbt4MRBWfbQ,9ihAC28aDNM
UCOtoxvHLKrIlWbt4MRBWfbQ,BCD5Jzm_mUc
UCOtoxvHLKrIlWbt4MRBWfbQ,ny6jcDC01m8
UCOtoxvHLKrIlWbt4MRBWfbQ,BGUylu-Gwj0
UCOtoxvHLKrIlWbt4MRBWfbQ,RGBoikZoZP4
UCOtoxvHLKrIlWbt4MRBWfbQ,5EDKuemN40I
UCOtoxvHLKrIlWbt4MRBWfbQ,qMBerhTuSeY
UCOtoxvHLKrIlWbt4MRBWfbQ,Oiy60zjmp74
UCOtoxvHLKrIlWbt4MRBWfbQ,53MzSyNJaZs
UCOtoxvHLKrIlWbt4MRBWfbQ,lSlKqgyE2Zo
UCOtoxvHLKrIlWbt4MRBWfbQ,_5ki0E6arN0
UCOtoxvHLKrIlWbt4MRBWfbQ,5ac6JqEeD1U
UCOtoxvHLKrIlWbt4MRBWfbQ,xa7XZF4wA70
UCOtoxvHLKrIlWbt4MRBWfbQ,0ztsAOrPdzQ
UCjthuhszPjSO0WKl9G6aCxw,FTzfzj3v--0
UCjthuhszPjSO0WKl9G6aCxw,eeFjBnABTmU
UCjthuhszPjSO0WKl9G6aCxw,rLg5yIsd23o
UCjthuhszPjSO0WKl9G6aCxw,tCyS1mEqT7A
UCjthuhszPjSO0WKl9G6aCxw,NHybtANqt84
UCjthuhszPjSO0WKl9G6aCxw,DeWJNR7QhdU
UCjthuhszPjSO0WKl9G6aCxw,oI-vlEDTl6c
UCjthuhszPjSO0WKl9G6aCxw,mUoT89OxfVc
UCjthuhszPjSO0WKl9G6aCxw,CB7CFJRNhZQ
UCjthuhszPjSO0WKl9G6aCxw,OrNFnFYBrqI
UCjthuhszPjSO0WKl9G6aCxw,sj8P-vjEPSc
UCjthuhszPjSO0WKl9G6aCxw,qOjjIP4HM5g
UCjthuhszPjSO0WKl9G6aCxw,Ozi2pCXtU9c
UCjthuhszPjSO0WKl9G6aCxw,l554_NMTqhw
UCjthuhszPjSO0WKl9G6aCxw,UeQBwHi3C_Y
UCjthuhszPjSO0WKl9G6aCxw,J1MoXKJfeGA
UCjthuhszPjSO0WKl9G6aCxw,KIHO8U3dBuo
UCjthuhszPjSO0WKl9G6aCxw,z8N4f31xWVU
UCjthuhszPjSO0WKl9G6aCxw,wsW_qgX7YZ0
UCjthuhszPjSO0WKl9G6aCxw,mjmB13AKBjU
UCjthuhszPjSO0WKl9G6aCxw,jXhEhtNVsq4
UCjthuhszPjSO0WKl9G6aCxw,0BjHKhehvog
UCjthuhszPjSO0WKl9G6aCxw,fWb9QyiO-YU
UCjthuhszPjSO0WKl9G6aCxw,D0xY9MZNwaw
UCjthuhszPjSO0WKl9G6aCxw,V-L9NwXX8cI
UCjthuhszPjSO0WKl9G6aCxw,q4mbpWC--ek
UCjthuhszPjSO0WKl9G6aCxw,srJbAnVpYfg
UCjthuhszPjSO0WKl9G6aCxw,M1j3lEm3ZY0
UCjthuhszPjSO0WKl9G6aCxw,lLHT5BMmXSw
UCjthuhszPjSO0WKl9G6aCxw,za3aefUQ-wA
UCjthuhszPjSO0WKl9G6aCxw,rQwvbYG37ys
UCjthuhszPjSO0WKl9G6aCxw,W3yPUQzUeAM
UCjthuhszPjSO0WKl9G6aCxw,PRjZjj68H_0
UCjthuhszPjSO0WKl9G6aCxw,6JiUWaaT2Go
UCjthuhszPjSO0WKl9G6aCxw,6vSy97hHdRo
UCjthuhszPjSO0WKl9G6aCxw,ZhnkddAk-ig
UCjthuhszPjSO0WKl9G6aCxw,CzqILKAiWkE
UCjthuhszPjSO0WKl9G6aCxw,ljjlxz9AxH0
UCjthuhszPjSO0WKl9G6aCxw,bWrBLXDvDL8
UCjthuhszPjSO0WKl9G6aCxw,T_JASVvW8g4
UCjthuhszPjSO0WKl9G6aCxw,JeUumIVv0Kc
UCjthuhszPjSO0WKl9G6aCxw,uHPxx8MPH8k
UCjthuhszPjSO0WKl9G6aCxw,docB03GAnt8
UCjthuhszPjSO0WKl9G6aCxw,uNWYzbrU_uo
UC_O-sTL2TjJwVPADovfzYQA,QundIvvC56A
UC_O-sTL2TjJwVPADovfzYQA,7up0NTyrqts
UC_O-sTL2TjJwVPADovfzYQA,yeVQiuCKCe0
UC_O-sTL2TjJwVPADovfzYQA,ifWGy77zNTA
UC_O-sTL2TjJwVPADovfzYQA,nU43GqTwjiE
UC_O-sTL2TjJwVPADovfzYQA,3GI48-7pfvo
UC_O-sTL2TjJwVPADovfzYQA,9dVOZ2XJPwk
UC_O-sTL2TjJwVPADovfzYQA,qebbdamy-eU
UC_O-sTL2TjJwVPADovfzYQA,qoJintkLuro
UC_O-sTL2TjJwVPADovfzYQA,E2TjIyUYNXs
UC_O-sTL2TjJwVPADovfzYQA,KGMYv6CofPw
UC_O-sTL2TjJwVPADovfzYQA,FcyD15Bb70E
UC_O-sTL2TjJwVPADovfzYQA,646FMuQbDOQ
UC_O-sTL2TjJwVPADovfzYQA,KU2TtpI3zGg
UC_O-sTL2TjJwVPADovfzYQA,wj700vFpT4g
UC_O-sTL2TjJwVPADovfzYQA,REschPsmx9Q
UC_O-sTL2TjJwVPADovfzYQA,qcU6zyu_2gE
UC_O-sTL2TjJwVPADovfzYQA,pZrom_dUZZc
UC_O-sTL2TjJwVPADovfzYQA,zU5V8D_e5xE
UC_O-sTL2TjJwVPADovfzYQA,WmRGtjBAdLU
UC_O-sTL2TjJwVPADovfzYQA,AoJ3ORjvoug
UC_O-sTL2TjJwVPADovfzYQA,_21x9V6kjKk
UC_O-sTL2TjJwVPADovfzYQA,_Mf7EnT0tsY
UC_O-sTL2TjJwVPADovfzYQA,UZLFpYb_iaA
UC_O-sTL2TjJwVPADovfzYQA,3u1Gr2oxvlo
UC_O-sTL2TjJwVPADovfzYQA,xPObhbfZFgs
UC_O-sTL2TjJwVPADovfzYQA,UENv564QXsc
UC_O-sTL2TjJwVPADovfzYQA,xl6RVEnpSSk
UC_O-sTL2TjJwVPADovfzYQA,GjYDgePMNfU
UC_O-sTL2TjJwVPADovfzYQA,Eq2GgGhM-m4
UC_O-sTL2TjJwVPADovfzYQA,Mb0-tDBAplQ
UC_O-sTL2TjJwVPADovfzYQA,MofdwskzjEI
UC_O-sTL2TjJwVPADovfzYQA,IyAl8VcD_y8
UC_O-sTL2TjJwVPADovfzYQA,3nldN--R9YA
UC_O-sTL2TjJwVPADovfzYQA,4xEDqQL4X8Q
UCwSEPlt3HA_k8a7z0wwOAKA,AV4J5TbwCZQ
UCwSEPlt3HA_k8a7z0wwOAKA,wXvBxy573Lw
UCwSEPlt3HA_k8a7z0wwOAKA,E66Fs44icl0
UCwSEPlt3HA_k8a7z0wwOAKA,f3tTbcn0gwc
UCwSEPlt3HA_k8a7z0wwOAKA,jD-LRpjMuqI
UCwSEPlt3HA_k8a7z0wwOAKA,kq6xe5GrHhg
UCwSEPlt3HA_k8a7z0wwOAKA,NnbPzsYU_gA
UCwSEPlt3HA_k8a7z0wwOAKA,peD9_FlF1Bk
UCwSEPlt3HA_k8a7z0wwOAKA,Q85DlBcinNI
UCwSEPlt3HA_k8a7z0wwOAKA,qICR4jf6P4s
UCwSEPlt3HA_k8a7z0wwOAKA,HI15b0u0684
UCwSEPlt3HA_k8a7z0wwOAKA,rUwnN9NF7-E
UCwSEPlt3HA_k8a7z0wwOAKA,a8aeeb-9y4U
UCwSEPlt3HA_k8a7z0wwOAKA,CtWpBviU1Io
UCwSEPlt3HA_k8a7z0wwOAKA,ztrO0UgoTlU
UCwSEPlt3HA_k8a7z0wwOAKA,PFixgb5Uabo
UCwSEPlt3HA_k8a7z0wwOAKA,oc7NV4NUsSk
UCwSEPlt3HA_k8a7z0wwOAKA,lLxF7R7aoXM
UCwSEPlt3HA_k8a7z0wwOAKA,4ZXdc-ry8Nk
UCwSEPlt3HA_k8a7z0wwOAKA,YUng7dvLP14
UCwSEPlt3HA_k8a7z0wwOAKA,ps1a-ZhOTVE
UCwSEPlt3HA_k8a7z0wwOAKA,kUbXGqDrcA8
UCwSEPlt3HA_k8a7z0wwOAKA,3JhDKtV0vNc
UCwSEPlt3HA_k8a7z0wwOAKA,VLWFAXcLLsI
UCwSEPlt3HA_k8a7z0wwOAKA,iFxaTOyBa1E
UCwSEPlt3HA_k8a7z0wwOAKA,e-3GcxwtF1I
UCwSEPlt3HA_k8a7z0wwOAKA,JOLxFofLE_I
UCwSEPlt3HA_k8a7z0wwOAKA,8J2f90UOQVU
UCwSEPlt3HA_k8a7z0wwOAKA,-hxYnqqH46I
UCwSEPlt3HA_k8a7z0wwOAKA,CUMbr_Fkl5o
UCwSEPlt3HA_k8a7z0wwOAKA,MniwsP5bcXc
UCwSEPlt3HA_k8a7z0wwOAKA,VqNrKn55MJI
UCwSEPlt3HA_k8a7z0wwOAKA,9hAuMdcQX_Y
UCwSEPlt3HA_k8a7z0wwOAKA,8ragvJFG3i4
UCwSEPlt3HA_k8a7z0wwOAKA,bsuIiWsAhW4
UCwSEPlt3HA_k8a7z0wwOAKA,o-1AZMErUEU
UCwSEPlt3HA_k8a7z0wwOAKA,9ZI5TFTVRtM
UCwSEPlt3HA_k8a7z0wwOAKA,bObGi1F5UDw
UCwSEPlt3HA_k8a7z0wwOAKA,8nSoNS2K_kc
UCwSEPlt3HA_k8a7z0wwOAKA,dJaiTEWpudg
UCwSEPlt3HA_k8a7z0wwOAKA,5nUP3gMzHZs
UCwSEPlt3HA_k8a7z0wwOAKA,619Z9krTX8Y
UCwSEPlt3HA_k8a7z0wwOAKA,UrxzieMbzpg
UCwSEPlt3HA_k8a7z0wwOAKA,GwrfiL-1ffQ
UCwSEPlt3HA_k8a7z0wwOAKA,GjSWh3hXdqI
UCwSEPlt3HA_k8a7z0wwOAKA,Mv0UTDcsoS8
UCwSEPlt3HA_k8a7z0wwOAKA,ueAzfuPtr0M
UCwSEPlt3HA_k8a7z0wwOAKA,4i7LPPSiBu0
UCwSEPlt3HA_k8a7z0wwOAKA,12QnPX4LZWE
UCwSEPlt3HA_k8a7z0wwOAKA,dy0-mcFlh2A
UCzt0Em886F29JyUxbz8oaEw,3GnyiaSAprc
UCzt0Em886F29JyUxbz8oaEw,ORvNOWs8nVw
UCzt0Em886F29JyUxbz8oaEw,0E-r8gu76h0
UCzt0Em886F29JyUxbz8oaEw,nC806gOguDg
UCzt0Em886F29JyUxbz8oaEw,t6-IFabh2L0
UCzt0Em886F29JyUxbz8oaEw,WRwOckAvYQI
UCzt0Em886F29JyUxbz8oaEw,9o8mm6kUIK0
UCzt0Em886F29JyUxbz8oaEw,64qyx8HUcLY
UCzt0Em886F29JyUxbz8oaEw,an6Ow0QhNXI
UCzt0Em886F29JyUxbz8oaEw,wShm0HS6E7Q
UCzt0Em886F29JyUxbz8oaEw,DeBPf6u2J68
UCzt0Em886F29JyUxbz8oaEw,spEFBJ68Qo8
UCzt0Em886F29JyUxbz8oaEw,WkT_B2LEueA
UCzt0Em886F29JyUxbz8oaEw,jKxJoN_QEOI
UCzt0Em886F29JyUxbz8oaEw,CqIdd5NzkB4
UCzt0Em886F29JyUxbz8oaEw,cLASuFKSS2E
UCzt0Em886F29JyUxbz8oaEw,Te2U8O9vTXs
UCzt0Em886F29JyUxbz8oaEw,q9BylbjwSoQ
UCzt0Em886F29JyUxbz8oaEw,LOHM4iQAS-8
UCzt0Em886F29JyUxbz8oaEw,pJDT6BnvHGo
UCzt0Em886F29JyUxbz8oaEw,BK2C_mV7leQ
UCzt0Em886F29JyUxbz8oaEw,S5otTNGdFV8
UCzt0Em886F29JyUxbz8oaEw,CS6lakzyGqA
UCzt0Em886F29JyUxbz8oaEw,6JR3IAdXbfM
UCzt0Em886F29JyUxbz8oaEw,XZiH658NRbw
UCzt0Em886F29JyUxbz8oaEw,OdrcPofvJfM
UCzt0Em886F29JyUxbz8oaEw,HQSgZEanrhA
UCq7EY7H2XF6TV7Z5mLv-aNg,KOsMswGKMu8
UCq7EY7H2XF6TV7Z5mLv-aNg,1miNGepOsbs
UCq7EY7H2XF6TV7Z5mLv-aNg,AzJpJQTrIKc
UCq7EY7H2XF6TV7Z5mLv-aNg,Q-fOV81_Y0s
UCq7EY7H2XF6TV7Z5mLv-aNg,dCQmPL3FISc
UCq7EY7H2XF6TV7Z5mLv-aNg,BIv1DRfaKRI
UCq7EY7H2XF6TV7Z5mLv-aNg,7Js1O0tq3tc
UCq7EY7H2XF6TV7Z5mLv-aNg,KeZygwQsMvE
UCq7EY7H2XF6TV7Z5mLv-aNg,YhWjSd9FiwU
UCq7EY7H2XF6TV7Z5mLv-aNg,gSWi6bBRbzU
UCq7EY7H2XF6TV7Z5mLv-aNg,L1NbY0U0OLk
UCq7EY7H2XF6TV7Z5mLv-aNg,fyx7cQcoW08
UCq7EY7H2XF6TV7Z5mLv-aNg,GQryLt0qiec
UCq7EY7H2XF6TV7Z5mLv-aNg,h4woxE_i9UM
UCq7EY7H2XF6TV7Z5mLv-aNg,N0y8GUtbuBU
UCq7EY7H2XF6TV7Z5mLv-aNg,aZah6047G4E
UCq7EY7H2XF6TV7Z5mLv-aNg,kI0MDyj1qTQ
UCq7EY7H2XF6TV7Z5mLv-aNg,-pE2ouetrTU
UCq7EY7H2XF6TV7Z5mLv-aNg,Su4tX5S6JEU
UCq7EY7H2XF6TV7Z5mLv-aNg,usYVVi3euV4
UCq7EY7H2XF6TV7Z5mLv-aNg,gz17x20GD9o
UCq7EY7H2XF6TV7Z5mLv-aNg,U713_obaZpA
UCq7EY7H2XF6TV7Z5mLv-aNg,Ekm0F6pEmWo
UCq7EY7H2XF6TV7Z5mLv-aNg,g2J0wwZ_a4Y
UCq7EY7H2XF6TV7Z5mLv-aNg,f01ovmEZhik
UCq7EY7H2XF6TV7Z5mLv-aNg,v_1rItu2vlY
UCq7EY7H2XF6TV7Z5mLv-aNg,STrwfVBp7cU
UCq7EY7H2XF6TV7Z5mLv-aNg,ZqGEvLzpr0Q
UCq7EY7H2XF6TV7Z5mLv-aNg,bm-3Qrr7EUA
UCq7EY7H2XF6TV7Z5mLv-aNg,hkxRjDS_Cjw
UCq7EY7H2XF6TV7Z5mLv-aNg,8kElrRAa1ws
UCq7EY7H2XF6TV7Z5mLv-aNg,7x6tX5T7LOs
UCq7EY7H2XF6TV7Z5mLv-aNg,NSdUFKOkKnc
