display_name,channel_id,user_id
jeffreestar,UCkvK_5omS-42Ovgah8KRKtg,jeffreestar
Jaclyn Hill,UC6jgzx2g3nlbaYkd8EMweKA,Jaclynhill1
James Charles,UCucot-Zp428OwkyRm2I7v2Q,
Manny Mua,UCbO9bltbkYwa56nZFQx6XJg,MannyMua733
Laura Lee,UCKMugoa0uHpjUuq14yOpagw,laura88lee
Tati,UC4qk9TtGhBKCkoWz5qGJcGg,GlamLifeGuru
KathleenLights,UC8v4vz_n2rys6Yxpj8LuOBA,KathleenLights
Christen Dominique,UCXTAdFsBmxNK3_c8MUvSviQ,christendominique
Jackie Aina,UCzJIliq68IHSn-Kwgjeg2AQ,lilpumpkinpie05
Casey Holmes,UCxj0QizmFhx7kVKSArHBCTA,itsbl0ndie
Nicole Guerriero,UCz0Qnv6KczUe3NH1wnpmqhA,nguerriero19
Desi Perkins,UCG9nVSLp4nQlW79sY5ihRrg,DesireePerkinsMakeup
ItsMyRayeRaye,UCAakD8jDdAya5f59XRfiIuQ,ItsMyRayeRaye
PatrickStarrr,UCDHQbU57NZilrhbuZNbQcRA,theepatrickstarrr
Teni Panosian,UCojExR87u5xNXSkrJ26ORMA,MissMavendotcom
Ingrid Nilsen,UC5zSySQab9SA6Wz569WDgqw,missglamorazzi
Carli Bybel,UC21yq4sq8uxTcfgIxxyE9VQ,CarliBel55
Katy,UCC0EqtXQ9at6ON_-ZYJaImA,lustrelux
Bretman Rock,UC3EFKdXAU99j3ppGgvTz7XQ,
Chrisspy,UC3JxYPRHnB5TvaCFuKfcdJQ,ChrisspyMakeup
Marlena Stell,UCE1BqH-72EBs-siTbDAjOGQ,MakeupGeekTV
Luhhsetty,UCT5yFEDO-zY1D1vrPyglmsg,Luhhsettyxo
itsjudytime,UC0FK_3h0Ec2iBKJ_Ah2su7A,itsjudytime
Olivia Jade,UCmOKlMHHTV4DX3t21j3itPw,oliviajadebeauty
From Head To Toe,UCecyOxHZpL3yfNFaUz2W_Ow,frmheadtotoe
Summer Mckeen,UCiM8OI8ySYAoealLy-YRCbg,lookyheregirl
Alissa Ashley,UCd4W_zVD74QqP55uAEN9REQ,itsalissaweekly
Amanda Ensing,UCEZtkE45zjun9zROKtcqOcQ,TheBeautyBox1211
Shameless Maya,UCKMqrQHftdwuLPkK1nveVfw,shamelessmaya
Irishcel507,UCxem10oFdCb9XIT3JKMbn8A,Irishcel507
Claire Marshall,UCJyfryZQsoN_ttLFe6vYKmw,ohhaiclaire
Emily Noel,UCtC8m_F7jX2fGOQ3_nomg4g,emilynoel83
MakeupByAlli,UCvk3DUjHHPNXfo9RztbGDww,MakeupByAlli
EMAN,UCaZZh0mI6NoGTlmeI6dbP7Q,makeupbyeman
Sona Gasparian,UCp1XyVkqPgcRvso3AY_e8iQ,MakeupBySona
Roxette Arisa,UCsqZHVmdjjc2VqC5-C0-jCA,RoxetteArisa
Cydnee Black,UCUpBD3hn1sllKTnxG7KKCww,Cydbeats
Kayleigh Noelle,UCW6MKQtz-vrqpC7D7qJ3Baw,ForeverYours0727
iluvsarahii,UCqnOwfiYhtnS0CkQXqIrbrg,
Teaira Walker,UC0f_USnWT_ll5SHhmr9ZKpA,yellachyk1
Melissa Alatorre,UCVH9VyRTafNLIyLfxcmZcSA,
Nyma Tang,UCroDJPcFCf6DBmHns6Xeb8g,
Madison Miller,UC7EZkeOTyjQhLC5pZMyQweQ,
Taylor Wynn,UCkJHb4rTNd8PIMD9S0UPCiw,ThaTaylaa
Leesha,UCEZufuEDQi-bHovN37Ra2EA,xsparkage
Sarahy Delarosa,UC76bXvxIhHBoMNaZ4cEW0tg,
Nabela Noor,UCx8rlHU4ylTLHGixMPvjgfw,NabelaNoor
Jessica Braun,UC8C7sbw7tHN2gD6fE9Cj9rw,jambeauty89
Zabrena,UCwQ48S6LdJVdGUM27M0oy4w,macshadowcombos
Vintageortacky / Cora Diane,UCAvgeBRw4qUxB0XdBz89sjg,vintageortacky
Sazan Hendrix,UC6g9qKxpN82QmG-Z9po5wXQ,SazanBarzani
Symphani Soto,UC8RsKxpajbXeNcifJbDoUkg,SymmieWimmie16
SoothingSista,UCb2fKNBRtC06yz_NsUGbYgw,SoothingSista
LearningToBeFearless,UCLbtBAADNWGv5mL2InRLnIA,LearningToBeFearless
RawBeautyKristi,UCOtoxvHLKrIlWbt4MRBWfbQ,RawBeautyKristi
Thrift Thick,UCjthuhszPjSO0WKl9G6aCxw,thriftthick
MonicaStyle Muse,UC_O-sTL2TjJwVPADovfzYQA,monicastylemuse
Irene Khan (irenesarah),UCwSEPlt3HA_k8a7z0wwOAKA,geekchic01
danielle rae,UCzt0Em886F29JyUxbz8oaEw,
maybellinenewyork,UCq7EY7H2XF6TV7Z5mLv-aNg,maybellinenewyork
